model,run,tag,step,value
LSTM,lstm-v2,train/loss,100,6.832714557647705
LSTM,lstm-v2,train/loss,200,6.33339262008667
LSTM,lstm-v2,train/loss,300,6.203025817871094
LSTM,lstm-v2,train/loss,400,6.063788414001465
LSTM,lstm-v2,train/loss,500,5.908912658691406
LSTM,lstm-v2,train/loss,600,5.906044960021973
LSTM,lstm-v2,train/loss,700,5.974043369293213
LSTM,lstm-v2,train/loss,800,5.565192699432373
LSTM,lstm-v2,train/loss,900,5.654963493347168
LSTM,lstm-v2,train/loss,1000,5.492863655090332
LSTM,lstm-v2,train/loss,1100,5.597704887390137
LSTM,lstm-v2,train/loss,1200,5.497313022613525
LSTM,lstm-v2,train/loss,1300,5.425176620483398
LSTM,lstm-v2,train/loss,1400,5.14657735824585
LSTM,lstm-v2,train/loss,1500,5.360889434814453
LSTM,lstm-v2,train/loss,1600,5.209959983825684
LSTM,lstm-v2,train/loss,1700,5.205643653869629
LSTM,lstm-v2,train/loss,1800,5.181796550750732
LSTM,lstm-v2,train/loss,1900,5.213186740875244
LSTM,lstm-v2,train/loss,2000,5.030533790588379
LSTM,lstm-v2,train/loss,2100,5.054257869720459
LSTM,lstm-v2,train/loss,2200,5.179598808288574
LSTM,lstm-v2,train/loss,2300,4.8175225257873535
LSTM,lstm-v2,train/loss,2400,4.872714996337891
LSTM,lstm-v2,train/loss,2500,4.910155296325684
LSTM,lstm-v2,train/loss,2600,4.861507415771484
LSTM,lstm-v2,train/loss,2700,4.789008140563965
LSTM,lstm-v2,train/loss,2800,4.73876953125
LSTM,lstm-v2,train/loss,2900,4.687359809875488
LSTM,lstm-v2,train/loss,3000,4.71828031539917
LSTM,lstm-v2,train/loss,3100,4.60990571975708
LSTM,lstm-v2,train/loss,3200,4.764026165008545
LSTM,lstm-v2,train/loss,3300,4.5153584480285645
LSTM,lstm-v2,train/loss,3400,4.538112640380859
LSTM,lstm-v2,train/loss,3500,4.725802421569824
LSTM,lstm-v2,train/loss,3600,4.355621337890625
LSTM,lstm-v2,train/loss,3700,4.42616081237793
LSTM,lstm-v2,train/loss,3800,4.321013450622559
LSTM,lstm-v2,train/loss,3900,4.729398727416992
LSTM,lstm-v2,train/loss,4000,4.53933048248291
LSTM,lstm-v2,train/loss,4100,4.402520179748535
LSTM,lstm-v2,train/loss,4200,4.296588897705078
LSTM,lstm-v2,train/loss,4300,4.395779132843018
LSTM,lstm-v2,train/loss,4400,4.130590438842773
LSTM,lstm-v2,train/loss,4500,4.3073577880859375
LSTM,lstm-v2,train/loss,4600,4.34812068939209
LSTM,lstm-v2,train/loss,4700,4.227905750274658
LSTM,lstm-v2,train/loss,4800,4.198346138000488
LSTM,lstm-v2,train/loss,4900,4.191270351409912
LSTM,lstm-v2,train/loss,5000,4.221465110778809
LSTM,lstm-v2,train/loss,5100,4.235905647277832
LSTM,lstm-v2,train/loss,5200,4.290362358093262
LSTM,lstm-v2,train/loss,5300,4.327693462371826
LSTM,lstm-v2,train/loss,5400,4.242048740386963
LSTM,lstm-v2,train/loss,5500,4.080341339111328
LSTM,lstm-v2,train/loss,5600,4.108458995819092
LSTM,lstm-v2,train/loss,5700,4.096695423126221
LSTM,lstm-v2,train/loss,5800,4.1693596839904785
LSTM,lstm-v2,train/loss,5900,4.116235733032227
LSTM,lstm-v2,train/loss,6000,4.302011013031006
LSTM,lstm-v2,train/loss,6100,4.101309299468994
LSTM,lstm-v2,train/loss,6200,3.944373369216919
LSTM,lstm-v2,train/loss,6300,4.051735877990723
LSTM,lstm-v2,train/loss,6400,3.84043288230896
LSTM,lstm-v2,train/loss,6500,3.9619994163513184
LSTM,lstm-v2,train/loss,6600,4.007287502288818
LSTM,lstm-v2,train/loss,6700,3.930631160736084
LSTM,lstm-v2,train/loss,6800,3.966442584991455
LSTM,lstm-v2,train/loss,6900,3.940612316131592
LSTM,lstm-v2,train/loss,7000,4.113720893859863
LSTM,lstm-v2,train/loss,7100,4.005951404571533
LSTM,lstm-v2,train/loss,7200,3.7749156951904297
LSTM,lstm-v2,train/loss,7300,4.037735939025879
LSTM,lstm-v2,train/loss,7400,3.8620810508728027
LSTM,lstm-v2,train/loss,7500,3.9784293174743652
LSTM,lstm-v2,train/loss,7600,3.551074981689453
LSTM,lstm-v2,train/loss,7700,3.7374496459960938
LSTM,lstm-v2,train/loss,7800,3.8365697860717773
LSTM,lstm-v2,train/loss,7900,3.7938363552093506
LSTM,lstm-v2,train/loss,8000,3.7937042713165283
LSTM,lstm-v2,train/loss,8100,3.787731170654297
LSTM,lstm-v2,train/loss,8200,3.7078347206115723
LSTM,lstm-v2,train/loss,8300,3.7659811973571777
LSTM,lstm-v2,train/loss,8400,3.867365598678589
LSTM,lstm-v2,train/loss,8500,3.7334883213043213
LSTM,lstm-v2,train/loss,8600,3.724853992462158
LSTM,lstm-v2,train/loss,8700,3.9335262775421143
LSTM,lstm-v2,train/loss,8800,3.6512372493743896
LSTM,lstm-v2,train/loss,8900,3.688974380493164
LSTM,lstm-v2,train/loss,9000,3.740776300430298
LSTM,lstm-v2,train/loss,9100,3.8047938346862793
LSTM,lstm-v2,train/loss,9200,3.8013901710510254
LSTM,lstm-v2,train/loss,9300,3.663184881210327
LSTM,lstm-v2,train/loss,9400,3.64695405960083
LSTM,lstm-v2,train/loss,9500,3.4954891204833984
LSTM,lstm-v2,train/loss,9600,3.5946240425109863
LSTM,lstm-v2,train/loss,9700,3.696427345275879
LSTM,lstm-v2,train/loss,9800,3.7479002475738525
LSTM,lstm-v2,train/loss,9900,3.665365695953369
LSTM,lstm-v2,train/loss,10000,3.7882485389709473
LSTM,lstm-v2,train/loss,10100,3.6042466163635254
LSTM,lstm-v2,train/loss,10200,3.5052103996276855
LSTM,lstm-v2,train/loss,10300,3.520637035369873
LSTM,lstm-v2,train/loss,10400,3.5977835655212402
LSTM,lstm-v2,train/loss,10500,3.7423248291015625
LSTM,lstm-v2,train/loss,10600,3.606947898864746
LSTM,lstm-v2,train/loss,10700,3.7062318325042725
LSTM,lstm-v2,train/loss,10800,3.7035269737243652
LSTM,lstm-v2,train/loss,10900,3.6937813758850098
LSTM,lstm-v2,train/loss,11000,3.737093448638916
LSTM,lstm-v2,train/loss,11100,3.608705997467041
LSTM,lstm-v2,train/loss,11200,3.3720250129699707
LSTM,lstm-v2,train/loss,11300,3.4434423446655273
LSTM,lstm-v2,train/loss,11400,3.587402820587158
LSTM,lstm-v2,train/loss,11500,3.7586259841918945
LSTM,lstm-v2,train/loss,11600,3.384697437286377
LSTM,lstm-v2,train/loss,11700,3.603733539581299
LSTM,lstm-v2,train/loss,11800,3.41304087638855
LSTM,lstm-v2,train/loss,11900,3.5187954902648926
LSTM,lstm-v2,train/loss,12000,3.4464786052703857
LSTM,lstm-v2,train/loss,12100,3.5649895668029785
LSTM,lstm-v2,train/loss,12200,3.5446348190307617
LSTM,lstm-v2,train/loss,12300,3.4789998531341553
LSTM,lstm-v2,train/loss,12400,3.619767904281616
LSTM,lstm-v2,train/loss,12500,3.3525900840759277
LSTM,lstm-v2,train/loss,12600,3.5680911540985107
LSTM,lstm-v2,train/loss,12700,3.3781142234802246
LSTM,lstm-v2,train/loss,12800,3.572673797607422
LSTM,lstm-v2,train/loss,12900,3.419039249420166
LSTM,lstm-v2,train/loss,13000,3.375082492828369
LSTM,lstm-v2,train/loss,13100,3.341353416442871
LSTM,lstm-v2,train/loss,13200,3.491849422454834
LSTM,lstm-v2,train/loss,13300,3.33486270904541
LSTM,lstm-v2,train/loss,13400,3.6706655025482178
LSTM,lstm-v2,train/loss,13500,3.3173484802246094
LSTM,lstm-v2,train/loss,13600,3.6277108192443848
LSTM,lstm-v2,train/loss,13700,3.3399758338928223
LSTM,lstm-v2,train/loss,13800,3.475813388824463
LSTM,lstm-v2,train/loss,13900,3.240499496459961
LSTM,lstm-v2,train/loss,14000,3.3725666999816895
LSTM,lstm-v2,train/loss,14100,3.344489097595215
LSTM,lstm-v2,train/loss,14200,3.4560933113098145
LSTM,lstm-v2,train/loss,14300,3.6812002658843994
LSTM,lstm-v2,train/loss,14400,3.284428596496582
LSTM,lstm-v2,train/loss,14500,3.3249833583831787
LSTM,lstm-v2,train/loss,14600,3.534733295440674
LSTM,lstm-v2,train/loss,14700,3.425410747528076
LSTM,lstm-v2,train/loss,14800,3.436001777648926
LSTM,lstm-v2,train/loss,14900,3.321826219558716
LSTM,lstm-v2,train/loss,15000,3.413074493408203
LSTM,lstm-v2,train/loss,15100,3.59822416305542
LSTM,lstm-v2,train/loss,15200,3.4530601501464844
LSTM,lstm-v2,train/loss,15300,3.31673526763916
LSTM,lstm-v2,train/loss,15400,3.1178386211395264
LSTM,lstm-v2,train/loss,15500,3.434746265411377
LSTM,lstm-v2,train/loss,15600,3.5916624069213867
LSTM,lstm-v2,train/loss,15700,3.170952081680298
LSTM,lstm-v2,train/loss,15800,3.1810240745544434
LSTM,lstm-v2,train/loss,15900,3.3986191749572754
LSTM,lstm-v2,train/loss,16000,3.2654900550842285
LSTM,lstm-v2,train/loss,16100,3.4362964630126953
LSTM,lstm-v2,train/loss,16200,3.347425699234009
LSTM,lstm-v2,train/loss,16300,3.1592724323272705
LSTM,lstm-v2,train/loss,16400,3.517025947570801
LSTM,lstm-v2,train/loss,16500,3.2894532680511475
LSTM,lstm-v2,train/loss,16600,3.299978733062744
LSTM,lstm-v2,train/loss,16700,3.306657314300537
LSTM,lstm-v2,train/loss,16800,3.3269331455230713
LSTM,lstm-v2,train/loss,16900,3.2878737449645996
LSTM,lstm-v2,train/loss,17000,3.2137112617492676
LSTM,lstm-v2,train/loss,17100,3.3210463523864746
LSTM,lstm-v2,train/loss,17200,3.5405635833740234
LSTM,lstm-v2,train/loss,17300,3.256631374359131
LSTM,lstm-v2,train/loss,17400,3.319946050643921
LSTM,lstm-v2,train/loss,17500,3.3727774620056152
LSTM,lstm-v2,train/loss,17600,3.4061217308044434
LSTM,lstm-v2,train/loss,17700,3.1061644554138184
LSTM,lstm-v2,train/loss,17800,3.297677993774414
LSTM,lstm-v2,train/loss,17900,3.083925724029541
LSTM,lstm-v2,train/loss,18000,3.337583541870117
LSTM,lstm-v2,train/loss,18100,3.351316213607788
LSTM,lstm-v2,train/loss,18200,3.2322542667388916
LSTM,lstm-v2,train/loss,18300,3.3380939960479736
LSTM,lstm-v2,train/loss,18400,3.226741313934326
LSTM,lstm-v2,train/loss,18500,3.236790657043457
LSTM,lstm-v2,train/loss,18600,3.2104930877685547
LSTM,lstm-v2,train/loss,18700,3.051802635192871
LSTM,lstm-v2,train/loss,18800,3.200169563293457
LSTM,lstm-v2,train/loss,18900,3.320793867111206
LSTM,lstm-v2,train/loss,19000,3.0844414234161377
LSTM,lstm-v2,train/loss,19100,3.2247495651245117
LSTM,lstm-v2,train/loss,19200,3.2271628379821777
LSTM,lstm-v2,train/loss,19300,3.2741641998291016
LSTM,lstm-v2,train/loss,19400,3.3300983905792236
LSTM,lstm-v2,train/loss,19500,3.251197338104248
LSTM,lstm-v2,train/loss,19600,3.1993460655212402
LSTM,lstm-v2,train/loss,19700,2.975377321243286
LSTM,lstm-v2,train/loss,19800,3.1177921295166016
LSTM,lstm-v2,train/loss,19900,3.1951916217803955
LSTM,lstm-v2,train/loss,20000,3.1646013259887695
LSTM,lstm-v2,train/loss,20100,3.1350483894348145
LSTM,lstm-v2,train/loss,20200,3.286303997039795
LSTM,lstm-v2,train/loss,20300,3.2383151054382324
LSTM,lstm-v2,train/loss,20400,3.2470526695251465
LSTM,lstm-v2,train/loss,20500,3.1194558143615723
LSTM,lstm-v2,train/loss,20600,3.248291254043579
LSTM,lstm-v2,train/loss,20700,3.1165685653686523
LSTM,lstm-v2,train/loss,20800,3.301415205001831
LSTM,lstm-v2,train/loss,20900,2.9566285610198975
LSTM,lstm-v2,train/loss,21000,3.24676513671875
LSTM,lstm-v2,train/loss,21100,3.1860225200653076
LSTM,lstm-v2,train/loss,21200,3.106464385986328
LSTM,lstm-v2,train/loss,21300,3.1821935176849365
LSTM,lstm-v2,train/loss,21400,3.0931568145751953
LSTM,lstm-v2,train/loss,21500,3.1868038177490234
LSTM,lstm-v2,train/loss,21600,3.11338472366333
LSTM,lstm-v2,train/loss,21700,3.086643695831299
LSTM,lstm-v2,train/loss,21800,3.0101873874664307
LSTM,lstm-v2,train/loss,21900,3.1959030628204346
LSTM,lstm-v2,train/loss,22000,3.168628692626953
LSTM,lstm-v2,train/loss,22100,3.0961952209472656
LSTM,lstm-v2,train/loss,22200,3.1420135498046875
LSTM,lstm-v2,train/loss,22300,3.0953803062438965
LSTM,lstm-v2,train/loss,22400,2.988884925842285
LSTM,lstm-v2,train/loss,22500,3.1434693336486816
LSTM,lstm-v2,train/loss,22600,3.1796250343322754
LSTM,lstm-v2,train/loss,22700,3.372488498687744
LSTM,lstm-v2,train/loss,22800,3.016284942626953
LSTM,lstm-v2,train/loss,22900,3.168566942214966
LSTM,lstm-v2,train/loss,23000,3.0007071495056152
LSTM,lstm-v2,train/loss,23100,3.1838021278381348
LSTM,lstm-v2,train/loss,23200,3.0665388107299805
LSTM,lstm-v2,train/loss,23300,3.23797869682312
LSTM,lstm-v2,train/loss,23400,2.92950701713562
LSTM,lstm-v2,train/loss,23500,3.1293375492095947
LSTM,lstm-v2,train/loss,23600,3.0999555587768555
LSTM,lstm-v2,train/loss,23700,3.1201016902923584
LSTM,lstm-v2,train/loss,23800,3.1606597900390625
LSTM,lstm-v2,train/loss,23900,3.109173536300659
LSTM,lstm-v2,train/loss,24000,3.168245792388916
LSTM,lstm-v2,train/loss,24100,3.1094717979431152
LSTM,lstm-v2,train/loss,24200,2.9817521572113037
LSTM,lstm-v2,train/loss,24300,3.062882423400879
LSTM,lstm-v2,train/loss,24400,3.021488666534424
LSTM,lstm-v2,train/loss,24500,3.0583548545837402
LSTM,lstm-v2,train/loss,24600,3.1090774536132812
LSTM,lstm-v2,train/loss,24700,3.1187386512756348
LSTM,lstm-v2,train/loss,24800,3.1174607276916504
LSTM,lstm-v2,train/loss,24900,3.1497573852539062
LSTM,lstm-v2,train/loss,25000,3.119497776031494
LSTM,lstm-v2,train/loss,25100,3.2552456855773926
LSTM,lstm-v2,train/loss,25200,3.0291566848754883
LSTM,lstm-v2,train/loss,25300,3.0061230659484863
LSTM,lstm-v2,train/loss,25400,3.107865810394287
LSTM,lstm-v2,train/loss,25500,3.0461716651916504
LSTM,lstm-v2,train/loss,25600,2.9339590072631836
LSTM,lstm-v2,train/loss,25700,3.0561771392822266
LSTM,lstm-v2,train/loss,25800,3.1029324531555176
LSTM,lstm-v2,train/loss,25900,3.1539978981018066
LSTM,lstm-v2,train/loss,26000,3.1404788494110107
LSTM,lstm-v2,train/loss,26100,3.0385923385620117
LSTM,lstm-v2,train/loss,26200,3.12420654296875
LSTM,lstm-v2,train/loss,26300,3.0262980461120605
LSTM,lstm-v2,train/loss,26400,3.0620980262756348
LSTM,lstm-v2,train/loss,26500,2.99464750289917
LSTM,lstm-v2,train/loss,26600,3.100271224975586
LSTM,lstm-v2,train/loss,26700,3.1321446895599365
LSTM,lstm-v2,train/loss,26800,2.993459701538086
LSTM,lstm-v2,train/loss,26900,3.219325542449951
LSTM,lstm-v2,train/loss,27000,3.0161595344543457
LSTM,lstm-v2,train/loss,27100,3.1338322162628174
LSTM,lstm-v2,train/loss,27200,3.1540489196777344
LSTM,lstm-v2,train/loss,27300,3.123075485229492
LSTM,lstm-v2,train/loss,27400,3.08500337600708
LSTM,lstm-v2,train/loss,27500,3.0576744079589844
LSTM,lstm-v2,train/loss,27600,2.9649200439453125
LSTM,lstm-v2,train/loss,27700,3.058271884918213
LSTM,lstm-v2,train/loss,27800,3.2103006839752197
LSTM,lstm-v2,train/loss,27900,3.1686253547668457
LSTM,lstm-v2,train/loss,28000,3.070218801498413
LSTM,lstm-v2,train/loss,28100,3.060593366622925
LSTM,lstm-v2,train/loss,28200,3.145967960357666
LSTM,lstm-v2,train/loss,28300,2.9567689895629883
LSTM,lstm-v2,train/loss,28400,3.0395801067352295
LSTM,lstm-v2,train/loss,28500,3.032055377960205
LSTM,lstm-v2,train/loss,28600,3.043416976928711
LSTM,lstm-v2,train/loss,28700,2.9153189659118652
LSTM,lstm-v2,train/loss,28800,3.105485439300537
LSTM,lstm-v2,train/loss,28900,3.0411126613616943
LSTM,lstm-v2,train/loss,29000,3.2404658794403076
LSTM,lstm-v2,train/loss,29100,3.076307535171509
LSTM,lstm-v2,train/loss,29200,2.8524065017700195
LSTM,lstm-v2,train/loss,29300,2.8778953552246094
LSTM,lstm-v2,train/loss,29400,3.108603000640869
LSTM,lstm-v2,train/loss,29500,3.028306484222412
LSTM,lstm-v2,train/loss,29600,3.057950973510742
LSTM,lstm-v2,train/loss,29700,3.0358729362487793
LSTM,lstm-v2,train/loss,29800,3.104276180267334
LSTM,lstm-v2,train/loss,29900,3.1450817584991455
LSTM,lstm-v2,train/loss,30000,3.141630172729492
LSTM,lstm-v2,train/loss,30100,2.9788379669189453
LSTM,lstm-v2,train/loss,30200,2.9861295223236084
LSTM,lstm-v2,train/loss,30300,3.149319648742676
LSTM,lstm-v2,train/loss,30400,2.978851318359375
LSTM,lstm-v2,train/loss,30500,2.9154138565063477
LSTM,lstm-v2,train/loss,30600,2.9424338340759277
LSTM,lstm-v2,train/loss,30700,2.935560941696167
LSTM,lstm-v2,train/loss,30800,2.924530506134033
LSTM,lstm-v2,train/loss,30900,2.942856788635254
LSTM,lstm-v2,train/loss,31000,3.1242072582244873
LSTM,lstm-v2,train/loss,31100,2.9006643295288086
LSTM,lstm-v2,train/loss,31200,3.090740203857422
LSTM,lstm-v2,train/loss,31300,3.0119991302490234
LSTM,lstm-v2,train/loss,31400,3.032440662384033
LSTM,lstm-v2,train/loss,31500,2.9490914344787598
LSTM,lstm-v2,train/loss,31600,2.905006170272827
LSTM,lstm-v2,train/loss,31700,2.781449794769287
LSTM,lstm-v2,train/loss,31800,2.99417781829834
LSTM,lstm-v2,train/loss,31900,2.844196319580078
LSTM,lstm-v2,train/loss,32000,3.0635271072387695
LSTM,lstm-v2,train/loss,32100,2.9686803817749023
LSTM,lstm-v2,train/loss,32200,3.0801970958709717
LSTM,lstm-v2,train/loss,32300,3.196542739868164
LSTM,lstm-v2,train/loss,32400,3.0709633827209473
LSTM,lstm-v2,train/loss,32500,2.982632637023926
LSTM,lstm-v2,train/loss,32600,3.0433387756347656
LSTM,lstm-v2,train/loss,32700,2.9522929191589355
LSTM,lstm-v2,train/loss,32800,3.0311899185180664
LSTM,lstm-v2,train/loss,32900,3.0712203979492188
LSTM,lstm-v2,train/loss,33000,3.0819830894470215
LSTM,lstm-v2,train/loss,33100,2.9608042240142822
LSTM,lstm-v2,train/loss,33200,2.943228006362915
LSTM,lstm-v2,train/loss,33300,3.092698335647583
LSTM,lstm-v2,train/loss,33400,2.9348392486572266
LSTM,lstm-v2,train/loss,33500,2.955408811569214
LSTM,lstm-v2,train/loss,33600,2.907068967819214
LSTM,lstm-v2,train/loss,33700,2.9901084899902344
LSTM,lstm-v2,train/loss,33800,2.8566272258758545
LSTM,lstm-v2,train/loss,33900,3.000006675720215
LSTM,lstm-v2,train/loss,34000,2.7326500415802
LSTM,lstm-v2,train/loss,34100,2.954564332962036
LSTM,lstm-v2,train/loss,34200,2.983975648880005
LSTM,lstm-v2,train/loss,34300,3.074889659881592
LSTM,lstm-v2,train/loss,34400,2.994096279144287
LSTM,lstm-v2,train/loss,34500,3.2550277709960938
LSTM,lstm-v2,train/loss,34600,3.1196365356445312
LSTM,lstm-v2,train/loss,34700,2.976278781890869
LSTM,lstm-v2,train/loss,34800,2.9850988388061523
LSTM,lstm-v2,train/loss,34900,3.1656293869018555
LSTM,lstm-v2,train/loss,35000,2.865802764892578
LSTM,lstm-v2,train/loss,35100,2.9230456352233887
LSTM,lstm-v2,train/loss,35200,2.980088472366333
LSTM,lstm-v2,train/loss,35300,2.9534292221069336
LSTM,lstm-v2,train/loss,35400,2.9699997901916504
LSTM,lstm-v2,train/loss,35500,2.965503692626953
LSTM,lstm-v2,train/loss,35600,3.0299782752990723
LSTM,lstm-v2,train/loss,35700,2.932687759399414
LSTM,lstm-v2,train/loss,35800,3.155043840408325
LSTM,lstm-v2,train/loss,35900,3.003667116165161
LSTM,lstm-v2,train/loss,36000,3.0018343925476074
LSTM,lstm-v2,train/loss,36100,3.0310957431793213
LSTM,lstm-v2,train/loss,36200,2.9416027069091797
LSTM,lstm-v2,train/loss,36300,2.974170207977295
LSTM,lstm-v2,train/loss,36400,2.814732313156128
LSTM,lstm-v2,train/loss,36500,2.8250417709350586
LSTM,lstm-v2,train/loss,36600,2.80791974067688
LSTM,lstm-v2,train/loss,36700,3.012880325317383
LSTM,lstm-v2,train/loss,36800,3.1511998176574707
LSTM,lstm-v2,train/loss,36900,2.8214197158813477
LSTM,lstm-v2,train/loss,37000,3.029188871383667
LSTM,lstm-v2,train/loss,37100,2.879746913909912
LSTM,lstm-v2,train/loss,37200,2.7294163703918457
LSTM,lstm-v2,train/loss,37300,3.0589966773986816
LSTM,lstm-v2,train/loss,37400,2.9821016788482666
LSTM,lstm-v2,train/loss,37500,2.9353301525115967
LSTM,lstm-v2,train/loss,37600,2.990058422088623
LSTM,lstm-v2,train/loss,37700,2.880657196044922
LSTM,lstm-v2,train/loss,37800,2.8985395431518555
LSTM,lstm-v2,train/loss,37900,2.922499179840088
LSTM,lstm-v2,train/loss,38000,3.0256643295288086
LSTM,lstm-v2,train/loss,38100,2.8213062286376953
LSTM,lstm-v2,train/loss,38200,3.0616390705108643
LSTM,lstm-v2,train/loss,38300,3.061765193939209
LSTM,lstm-v2,train/loss,38400,2.76102352142334
LSTM,lstm-v2,train/loss,38500,2.99922513961792
LSTM,lstm-v2,train/loss,38600,2.9605977535247803
LSTM,lstm-v2,train/loss,38700,2.9620754718780518
LSTM,lstm-v2,train/loss,38800,2.988845109939575
LSTM,lstm-v2,train/loss,38900,3.008981227874756
LSTM,lstm-v2,train/loss,39000,2.7941036224365234
LSTM,lstm-v2,train/loss,39100,2.797234535217285
LSTM,lstm-v2,train/loss,39200,2.7112133502960205
LSTM,lstm-v2,train/loss,39300,2.8153669834136963
LSTM,lstm-v2,train/loss,39400,3.1510677337646484
LSTM,lstm-v2,train/loss,39500,2.9576077461242676
LSTM,lstm-v2,train/loss,39600,2.944878101348877
LSTM,lstm-v2,train/loss,39700,2.857039451599121
LSTM,lstm-v2,train/loss,39800,2.9102423191070557
LSTM,lstm-v2,train/loss,39900,2.8109471797943115
LSTM,lstm-v2,train/loss,40000,2.9350476264953613
LSTM,lstm-v2,train/loss,40100,2.942485809326172
LSTM,lstm-v2,train/loss,40200,2.8197195529937744
LSTM,lstm-v2,train/loss,40300,2.834961414337158
LSTM,lstm-v2,train/loss,40400,2.904391288757324
LSTM,lstm-v2,train/loss,40500,2.959148406982422
LSTM,lstm-v2,train/loss,40600,2.9366416931152344
LSTM,lstm-v2,train/loss,40700,2.8177688121795654
LSTM,lstm-v2,train/loss,40800,2.840481758117676
LSTM,lstm-v2,train/loss,40900,2.9566028118133545
LSTM,lstm-v2,train/loss,41000,2.940368175506592
LSTM,lstm-v2,train/loss,41100,2.946584463119507
LSTM,lstm-v2,train/loss,41200,2.7330503463745117
LSTM,lstm-v2,train/loss,41300,2.9636664390563965
LSTM,lstm-v2,train/loss,41400,2.8762869834899902
LSTM,lstm-v2,train/loss,41500,2.9337449073791504
LSTM,lstm-v2,train/loss,41600,2.974046230316162
LSTM,lstm-v2,train/loss,41700,2.9222605228424072
LSTM,lstm-v2,train/loss,41800,2.9428231716156006
LSTM,lstm-v2,train/loss,41900,2.791049003601074
LSTM,lstm-v2,train/loss,42000,2.9007482528686523
LSTM,lstm-v2,train/loss,42100,2.88517427444458
LSTM,lstm-v2,train/loss,42200,2.811081886291504
LSTM,lstm-v2,train/loss,42300,2.8371448516845703
LSTM,lstm-v2,train/loss,42400,3.066701650619507
LSTM,lstm-v2,train/loss,42500,2.8995299339294434
LSTM,lstm-v2,train/loss,42600,2.6775903701782227
LSTM,lstm-v2,train/loss,42700,2.941349506378174
LSTM,lstm-v2,train/loss,42800,2.8286423683166504
LSTM,lstm-v2,train/loss,42900,2.9221348762512207
LSTM,lstm-v2,train/loss,43000,2.9794368743896484
LSTM,lstm-v2,train/loss,43100,2.7757339477539062
LSTM,lstm-v2,train/loss,43200,2.8617148399353027
LSTM,lstm-v2,train/loss,43300,2.722843647003174
LSTM,lstm-v2,train/loss,43400,2.812779188156128
LSTM,lstm-v2,train/loss,43500,2.847188949584961
LSTM,lstm-v2,train/loss,43600,2.8390402793884277
LSTM,lstm-v2,train/loss,43700,2.7150025367736816
LSTM,lstm-v2,train/loss,43800,3.0185601711273193
LSTM,lstm-v2,train/loss,43900,2.777902603149414
LSTM,lstm-v2,train/loss,44000,2.8579602241516113
LSTM,lstm-v2,train/loss,44100,2.9067769050598145
LSTM,lstm-v2,train/loss,44200,2.8223233222961426
LSTM,lstm-v2,train/loss,44300,2.936221122741699
LSTM,lstm-v2,train/loss,44400,2.8781402111053467
LSTM,lstm-v2,train/loss,44500,2.8287837505340576
LSTM,lstm-v2,train/loss,44600,2.7680716514587402
LSTM,lstm-v2,train/loss,44700,2.892642021179199
LSTM,lstm-v2,train/loss,44800,2.8043479919433594
LSTM,lstm-v2,train/loss,44900,2.9580249786376953
LSTM,lstm-v2,train/loss,45000,3.0482637882232666
LSTM,lstm-v2,train/loss,45100,2.8496341705322266
LSTM,lstm-v2,train/loss,45200,2.9280271530151367
LSTM,lstm-v2,train/loss,45300,2.619976282119751
LSTM,lstm-v2,train/loss,45400,2.798923969268799
LSTM,lstm-v2,train/loss,45500,2.7425413131713867
LSTM,lstm-v2,train/loss,45600,2.8849048614501953
LSTM,lstm-v2,train/loss,45700,2.6348087787628174
LSTM,lstm-v2,train/loss,45800,2.912672519683838
LSTM,lstm-v2,train/loss,45900,2.8790245056152344
LSTM,lstm-v2,train/loss,46000,2.9141287803649902
LSTM,lstm-v2,train/loss,46100,2.8301591873168945
LSTM,lstm-v2,train/loss,46200,2.9514856338500977
LSTM,lstm-v2,train/loss,46300,2.8527042865753174
LSTM,lstm-v2,train/loss,46400,2.8296689987182617
LSTM,lstm-v2,train/loss,46500,3.0586986541748047
LSTM,lstm-v2,train/loss,46600,2.770315647125244
LSTM,lstm-v2,train/loss,46700,2.8488478660583496
LSTM,lstm-v2,train/loss,46800,2.798734664916992
LSTM,lstm-v2,train/loss,46900,2.9781713485717773
LSTM,lstm-v2,train/loss,47000,2.779151439666748
LSTM,lstm-v2,train/loss,47100,2.7578938007354736
LSTM,lstm-v2,train/loss,47200,2.812350273132324
LSTM,lstm-v2,train/loss,47300,2.813887119293213
LSTM,lstm-v2,train/loss,47400,2.927164077758789
LSTM,lstm-v2,train/loss,47500,2.8096635341644287
LSTM,lstm-v2,train/loss,47600,3.0014429092407227
LSTM,lstm-v2,train/loss,47700,2.842947006225586
LSTM,lstm-v2,train/loss,47800,2.7231268882751465
LSTM,lstm-v2,train/loss,47900,2.849721670150757
LSTM,lstm-v2,train/loss,48000,2.8546953201293945
LSTM,lstm-v2,train/loss,48100,2.8299477100372314
LSTM,lstm-v2,train/loss,48200,2.9206438064575195
LSTM,lstm-v2,train/loss,48300,2.891829013824463
LSTM,lstm-v2,train/loss,48400,2.8508358001708984
LSTM,lstm-v2,train/loss,48500,2.8423056602478027
LSTM,lstm-v2,train/loss,48600,2.8398385047912598
LSTM,lstm-v2,train/loss,48700,2.7479147911071777
LSTM,lstm-v2,train/loss,48800,2.9882235527038574
LSTM,lstm-v2,train/loss,48900,2.846644639968872
LSTM,lstm-v2,train/loss,49000,2.7839746475219727
LSTM,lstm-v2,train/loss,49100,2.9041500091552734
LSTM,lstm-v2,train/loss,49200,2.7869725227355957
LSTM,lstm-v2,train/loss,49300,2.9738869667053223
LSTM,lstm-v2,train/loss,49400,2.76768159866333
LSTM,lstm-v2,train/loss,49500,2.7863030433654785
LSTM,lstm-v2,train/loss,49600,2.8637640476226807
LSTM,lstm-v2,train/loss,49700,2.941052198410034
LSTM,lstm-v2,train/loss,49800,2.7521235942840576
LSTM,lstm-v2,train/loss,49900,2.8114824295043945
LSTM,lstm-v2,train/loss,50000,2.83097243309021
LSTM,lstm-v2,train/loss,50100,2.8611159324645996
LSTM,lstm-v2,train/loss,50200,2.7650392055511475
LSTM,lstm-v2,train/loss,50300,2.832775592803955
LSTM,lstm-v2,train/loss,50400,2.7304940223693848
LSTM,lstm-v2,train/loss,50500,2.7446975708007812
LSTM,lstm-v2,train/loss,50600,2.7056021690368652
LSTM,lstm-v2,train/loss,50700,2.824584484100342
LSTM,lstm-v2,train/loss,50800,2.8509068489074707
LSTM,lstm-v2,train/loss,50900,2.9630136489868164
LSTM,lstm-v2,train/loss,51000,2.754384994506836
LSTM,lstm-v2,train/loss,51100,2.7935879230499268
LSTM,lstm-v2,train/loss,51200,2.8111486434936523
LSTM,lstm-v2,train/loss,51300,2.7478232383728027
LSTM,lstm-v2,train/loss,51400,2.7204246520996094
LSTM,lstm-v2,train/loss,51500,2.765626907348633
LSTM,lstm-v2,train/loss,51600,2.829897880554199
LSTM,lstm-v2,train/loss,51700,2.724729537963867
LSTM,lstm-v2,train/loss,51800,2.7374134063720703
LSTM,lstm-v2,train/loss,51900,2.8451285362243652
LSTM,lstm-v2,train/loss,52000,2.735229969024658
LSTM,lstm-v2,train/loss,52100,2.710608959197998
LSTM,lstm-v2,train/loss,52200,2.959115505218506
LSTM,lstm-v2,train/loss,52300,2.9714982509613037
LSTM,lstm-v2,train/loss,52400,2.732517719268799
LSTM,lstm-v2,train/loss,52500,2.94892954826355
LSTM,lstm-v2,train/loss,52600,2.7174813747406006
LSTM,lstm-v2,train/loss,52700,2.8427083492279053
LSTM,lstm-v2,train/loss,52800,2.783283233642578
LSTM,lstm-v2,train/loss,52900,2.7892251014709473
LSTM,lstm-v2,train/loss,53000,2.6745548248291016
LSTM,lstm-v2,train/loss,53100,2.7450692653656006
LSTM,lstm-v2,train/loss,53200,2.897158622741699
LSTM,lstm-v2,train/loss,53300,2.8930234909057617
LSTM,lstm-v2,train/loss,53400,2.7924036979675293
LSTM,lstm-v2,train/loss,53500,2.9138731956481934
LSTM,lstm-v2,train/loss,53600,2.8427064418792725
LSTM,lstm-v2,train/loss,53700,2.770465612411499
LSTM,lstm-v2,train/loss,53800,2.6978397369384766
LSTM,lstm-v2,train/loss,53900,2.6704461574554443
LSTM,lstm-v2,train/loss,54000,2.881157875061035
LSTM,lstm-v2,train/loss,54100,2.7987098693847656
LSTM,lstm-v2,train/loss,54200,2.8221817016601562
LSTM,lstm-v2,train/loss,54300,2.785126209259033
LSTM,lstm-v2,train/loss,54400,2.9560673236846924
LSTM,lstm-v2,train/loss,54500,2.8695809841156006
LSTM,lstm-v2,train/loss,54600,2.8625986576080322
LSTM,lstm-v2,train/loss,54700,2.833956241607666
LSTM,lstm-v2,train/loss,54800,2.793606758117676
LSTM,lstm-v2,train/loss,54900,2.7933502197265625
LSTM,lstm-v2,train/loss,55000,2.7985973358154297
LSTM,lstm-v2,train/loss,55100,2.8069114685058594
LSTM,lstm-v2,train/loss,55200,2.900859832763672
LSTM,lstm-v2,train/loss,55300,2.7363367080688477
LSTM,lstm-v2,train/loss,55400,2.8310160636901855
LSTM,lstm-v2,train/loss,55500,2.8875627517700195
LSTM,lstm-v2,train/loss,55600,2.631577491760254
LSTM,lstm-v2,train/loss,55700,2.725752830505371
LSTM,lstm-v2,train/loss,55800,2.7217211723327637
LSTM,lstm-v2,train/loss,55900,2.8237500190734863
LSTM,lstm-v2,train/loss,56000,2.674900531768799
LSTM,lstm-v2,train/loss,56100,2.74312686920166
LSTM,lstm-v2,train/loss,56200,2.845341205596924
LSTM,lstm-v2,train/loss,56300,2.8360607624053955
LSTM,lstm-v2,train/loss,56400,2.878542423248291
LSTM,lstm-v2,train/loss,56500,2.9223737716674805
LSTM,lstm-v2,train/loss,56600,2.9803152084350586
LSTM,lstm-v2,train/loss,56700,2.8002982139587402
LSTM,lstm-v2,train/loss,56800,2.695728063583374
LSTM,lstm-v2,train/loss,56900,2.745856285095215
LSTM,lstm-v2,train/loss,57000,2.683837413787842
LSTM,lstm-v2,train/loss,57100,2.684579849243164
LSTM,lstm-v2,train/loss,57200,2.8529276847839355
LSTM,lstm-v2,train/loss,57300,2.9456706047058105
LSTM,lstm-v2,train/loss,57400,2.804500102996826
LSTM,lstm-v2,train/loss,57500,2.686397075653076
LSTM,lstm-v2,train/loss,57600,2.948014736175537
LSTM,lstm-v2,train/loss,57700,2.806891918182373
LSTM,lstm-v2,train/loss,57800,2.997244119644165
LSTM,lstm-v2,train/loss,57900,2.8955512046813965
LSTM,lstm-v2,train/loss,58000,2.809701681137085
LSTM,lstm-v2,train/loss,58100,2.768977165222168
LSTM,lstm-v2,train/loss,58200,2.7562012672424316
LSTM,lstm-v2,train/loss,58300,2.820667266845703
LSTM,lstm-v2,train/loss,58400,2.7197060585021973
LSTM,lstm-v2,train/loss,58500,2.8292975425720215
LSTM,lstm-v2,train/loss,58600,2.713921070098877
LSTM,lstm-v2,train/loss,58700,2.797227144241333
LSTM,lstm-v2,train/loss,58800,2.694983959197998
LSTM,lstm-v2,train/loss,58900,2.5707619190216064
LSTM,lstm-v2,train/loss,59000,2.667475938796997
LSTM,lstm-v2,train/loss,59100,2.679440975189209
LSTM,lstm-v2,train/loss,59200,2.6008713245391846
LSTM,lstm-v2,train/loss,59300,2.6622509956359863
LSTM,lstm-v2,train/loss,59400,2.93428373336792
LSTM,lstm-v2,train/loss,59500,2.6175007820129395
LSTM,lstm-v2,train/loss,59600,2.7774055004119873
LSTM,lstm-v2,train/loss,59700,2.7206201553344727
LSTM,lstm-v2,train/loss,59800,2.6495187282562256
LSTM,lstm-v2,train/loss,59900,2.6272096633911133
LSTM,lstm-v2,train/loss,60000,2.548214912414551
LSTM,lstm-v2,train/loss,60100,2.7154855728149414
LSTM,lstm-v2,train/loss,60200,2.6083474159240723
LSTM,lstm-v2,train/loss,60300,2.767150640487671
LSTM,lstm-v2,train/loss,60400,2.8486595153808594
LSTM,lstm-v2,train/loss,60500,2.756227731704712
LSTM,lstm-v2,train/loss,60600,2.656027317047119
LSTM,lstm-v2,train/loss,60700,2.8490042686462402
LSTM,lstm-v2,train/loss,60800,2.610659122467041
LSTM,lstm-v2,train/loss,60900,2.769949436187744
LSTM,lstm-v2,train/loss,61000,2.802647113800049
LSTM,lstm-v2,train/loss,61100,2.781674861907959
LSTM,lstm-v2,train/loss,61200,2.8276515007019043
LSTM,lstm-v2,train/loss,61300,2.7918639183044434
LSTM,lstm-v2,train/loss,61400,2.5631895065307617
LSTM,lstm-v2,train/loss,61500,2.6786177158355713
LSTM,lstm-v2,train/loss,61600,2.8258535861968994
LSTM,lstm-v2,train/loss,61700,2.8099842071533203
LSTM,lstm-v2,train/loss,61800,2.751814842224121
LSTM,lstm-v2,train/loss,61900,2.8227901458740234
LSTM,lstm-v2,train/loss,62000,2.7314772605895996
LSTM,lstm-v2,train/loss,62100,2.8443756103515625
LSTM,lstm-v2,train/loss,62200,2.618184804916382
LSTM,lstm-v2,train/loss,62300,2.76021146774292
LSTM,lstm-v2,train/loss,62400,2.8485701084136963
LSTM,lstm-v2,train/loss,62500,2.8349733352661133
LSTM,lstm-v2,train/loss,62600,2.720839500427246
LSTM,lstm-v2,train/loss,62700,2.744619846343994
LSTM,lstm-v2,train/loss,62800,2.6874046325683594
LSTM,lstm-v2,train/loss,62900,2.790799140930176
LSTM,lstm-v2,train/loss,63000,2.7117221355438232
LSTM,lstm-v2,train/loss,63100,2.6459529399871826
LSTM,lstm-v2,train/loss,63200,2.6225106716156006
LSTM,lstm-v2,train/loss,63300,2.7617859840393066
LSTM,lstm-v2,train/loss,63400,2.7227630615234375
LSTM,lstm-v2,train/loss,63500,2.849865198135376
LSTM,lstm-v2,train/loss,63600,2.794780731201172
LSTM,lstm-v2,train/loss,63700,2.745593547821045
LSTM,lstm-v2,train/loss,63800,2.7268571853637695
LSTM,lstm-v2,train/loss,63900,2.8740572929382324
LSTM,lstm-v2,train/loss,64000,2.6699559688568115
LSTM,lstm-v2,train/loss,64100,2.7247352600097656
LSTM,lstm-v2,train/loss,64200,2.8231430053710938
LSTM,lstm-v2,train/loss,64300,2.635380506515503
LSTM,lstm-v2,train/loss,64400,2.811978816986084
LSTM,lstm-v2,train/loss,64500,2.727682113647461
LSTM,lstm-v2,train/loss,64600,2.582148551940918
LSTM,lstm-v2,train/loss,64700,2.6667261123657227
LSTM,lstm-v2,train/loss,64800,2.730475902557373
LSTM,lstm-v2,train/loss,64900,2.793104887008667
LSTM,lstm-v2,train/loss,65000,2.818739652633667
LSTM,lstm-v2,train/loss,65100,2.6938209533691406
LSTM,lstm-v2,train/loss,65200,2.5849969387054443
LSTM,lstm-v2,train/loss,65300,2.756586790084839
LSTM,lstm-v2,train/loss,65400,2.681381940841675
LSTM,lstm-v2,train/loss,65500,2.8778128623962402
LSTM,lstm-v2,train/loss,65600,2.6510486602783203
LSTM,lstm-v2,train/loss,65700,2.6511170864105225
LSTM,lstm-v2,train/loss,65800,2.574967861175537
LSTM,lstm-v2,train/loss,65900,2.7810943126678467
LSTM,lstm-v2,train/loss,66000,2.4823386669158936
LSTM,lstm-v2,train/loss,66100,2.7365334033966064
LSTM,lstm-v2,train/loss,66200,2.7798666954040527
LSTM,lstm-v2,train/loss,66300,2.8263254165649414
LSTM,lstm-v2,train/loss,66400,2.8458707332611084
LSTM,lstm-v2,train/loss,66500,2.56878662109375
LSTM,lstm-v2,train/loss,66600,2.7413876056671143
LSTM,lstm-v2,train/loss,66700,2.6826672554016113
LSTM,lstm-v2,train/loss,66800,2.916076421737671
LSTM,lstm-v2,train/loss,66900,2.681838035583496
LSTM,lstm-v2,train/loss,67000,2.7700719833374023
LSTM,lstm-v2,train/loss,67100,2.8062028884887695
LSTM,lstm-v2,train/loss,67200,2.661015272140503
LSTM,lstm-v2,train/loss,67300,2.7331438064575195
LSTM,lstm-v2,train/loss,67400,2.768070697784424
LSTM,lstm-v2,train/loss,67500,2.6659953594207764
LSTM,lstm-v2,train/loss,67600,2.4701004028320312
LSTM,lstm-v2,train/loss,67700,2.705836772918701
LSTM,lstm-v2,train/loss,67800,2.720465660095215
LSTM,lstm-v2,train/loss,67900,2.602290153503418
LSTM,lstm-v2,train/loss,68000,2.6956372261047363
LSTM,lstm-v2,train/loss,68100,2.6252176761627197
LSTM,lstm-v2,train/loss,68200,2.705216407775879
LSTM,lstm-v2,train/loss,68300,2.7391340732574463
LSTM,lstm-v2,train/loss,68400,2.64306902885437
LSTM,lstm-v2,train/loss,68500,2.74336576461792
LSTM,lstm-v2,train/loss,68600,2.609225034713745
LSTM,lstm-v2,train/loss,68700,2.5916566848754883
LSTM,lstm-v2,train/loss,68800,2.668731689453125
LSTM,lstm-v2,train/loss,68900,2.608839988708496
LSTM,lstm-v2,train/loss,69000,2.845670223236084
LSTM,lstm-v2,train/loss,69100,2.6951324939727783
LSTM,lstm-v2,train/loss,69200,2.7553694248199463
LSTM,lstm-v2,train/loss,69300,2.7956860065460205
LSTM,lstm-v2,train/loss,69400,2.7380919456481934
LSTM,lstm-v2,train/loss,69500,2.601527690887451
LSTM,lstm-v2,train/loss,69600,2.805110454559326
LSTM,lstm-v2,train/loss,69700,2.738677501678467
LSTM,lstm-v2,train/loss,69800,2.728562593460083
LSTM,lstm-v2,train/loss,69900,2.7255420684814453
LSTM,lstm-v2,train/loss,70000,2.7238426208496094
LSTM,lstm-v2,train/loss,70100,2.6138460636138916
LSTM,lstm-v2,train/loss,70200,2.589423179626465
LSTM,lstm-v2,train/loss,70300,2.7497408390045166
LSTM,lstm-v2,train/loss,70400,2.6386518478393555
LSTM,lstm-v2,train/loss,70500,2.685917615890503
LSTM,lstm-v2,train/loss,70600,2.5788631439208984
LSTM,lstm-v2,train/loss,70700,2.75966215133667
LSTM,lstm-v2,train/loss,70800,2.7201180458068848
LSTM,lstm-v2,train/loss,70900,2.7637877464294434
LSTM,lstm-v2,train/loss,71000,2.6554183959960938
LSTM,lstm-v2,train/loss,71100,2.667285442352295
LSTM,lstm-v2,train/loss,71200,2.7063136100769043
LSTM,lstm-v2,train/loss,71300,2.6539552211761475
LSTM,lstm-v2,train/loss,71400,2.6476807594299316
LSTM,lstm-v2,train/loss,71500,2.657613515853882
LSTM,lstm-v2,train/loss,71600,2.656538248062134
LSTM,lstm-v2,train/loss,71700,2.9050869941711426
LSTM,lstm-v2,train/loss,71800,2.63043212890625
LSTM,lstm-v2,train/loss,71900,2.600287437438965
LSTM,lstm-v2,train/loss,72000,2.829680919647217
LSTM,lstm-v2,train/loss,72100,2.4735448360443115
LSTM,lstm-v2,train/loss,72200,2.6635942459106445
LSTM,lstm-v2,train/loss,72300,2.858309745788574
LSTM,lstm-v2,train/loss,72400,2.5721096992492676
LSTM,lstm-v2,train/loss,72500,2.649688959121704
LSTM,lstm-v2,train/loss,72600,2.739213466644287
LSTM,lstm-v2,train/loss,72700,2.7727584838867188
LSTM,lstm-v2,train/loss,72800,2.807816505432129
LSTM,lstm-v2,train/loss,72900,2.595442533493042
LSTM,lstm-v2,train/loss,73000,2.651183605194092
LSTM,lstm-v2,train/loss,73100,2.536829710006714
LSTM,lstm-v2,train/loss,73200,2.480315923690796
LSTM,lstm-v2,train/loss,73300,2.738933563232422
LSTM,lstm-v2,train/loss,73400,2.977504014968872
LSTM,lstm-v2,train/loss,73500,2.781111717224121
LSTM,lstm-v2,train/loss,73600,2.625396490097046
LSTM,lstm-v2,train/loss,73700,2.6249990463256836
LSTM,lstm-v2,train/loss,73800,2.8356690406799316
LSTM,lstm-v2,train/loss,73900,2.617414712905884
LSTM,lstm-v2,train/loss,74000,2.608753204345703
LSTM,lstm-v2,train/loss,74100,2.7338364124298096
LSTM,lstm-v2,train/loss,74200,2.6272201538085938
LSTM,lstm-v2,train/loss,74300,2.7447848320007324
LSTM,lstm-v2,train/loss,74400,2.753866672515869
LSTM,lstm-v2,train/loss,74500,2.684326648712158
LSTM,lstm-v2,train/loss,74600,2.607870578765869
LSTM,lstm-v2,train/loss,74700,2.5967166423797607
LSTM,lstm-v2,train/loss,74800,2.6953125
LSTM,lstm-v2,train/loss,74900,2.695559024810791
LSTM,lstm-v2,train/loss,75000,2.593106269836426
LSTM,lstm-v2,train/loss,75100,2.6262731552124023
LSTM,lstm-v2,train/loss,75200,2.784377098083496
LSTM,lstm-v2,train/loss,75300,2.7266111373901367
LSTM,lstm-v2,train/loss,75400,2.7888565063476562
LSTM,lstm-v2,train/loss,75500,2.6746325492858887
LSTM,lstm-v2,train/loss,75600,2.689161777496338
LSTM,lstm-v2,train/loss,75700,2.581669330596924
LSTM,lstm-v2,train/loss,75800,2.5967936515808105
LSTM,lstm-v2,train/loss,75900,2.6475348472595215
LSTM,lstm-v2,train/loss,76000,2.727876663208008
LSTM,lstm-v2,train/loss,76100,2.654116153717041
LSTM,lstm-v2,train/loss,76200,2.8007612228393555
LSTM,lstm-v2,train/loss,76300,2.7502012252807617
LSTM,lstm-v2,train/loss,76400,2.866844654083252
LSTM,lstm-v2,train/loss,76500,2.656977653503418
LSTM,lstm-v2,train/loss,76600,2.658294677734375
LSTM,lstm-v2,train/loss,76700,2.62880277633667
LSTM,lstm-v2,train/loss,76800,2.7765085697174072
LSTM,lstm-v2,train/loss,76900,2.593747615814209
LSTM,lstm-v2,train/loss,77000,2.6151394844055176
LSTM,lstm-v2,train/loss,77100,2.541923999786377
LSTM,lstm-v2,train/loss,77200,2.556812286376953
LSTM,lstm-v2,train/loss,77300,2.6631991863250732
LSTM,lstm-v2,train/loss,77400,2.753084659576416
LSTM,lstm-v2,train/loss,77500,2.6029129028320312
LSTM,lstm-v2,train/loss,77600,2.7724034786224365
LSTM,lstm-v2,train/loss,77700,2.6756887435913086
LSTM,lstm-v2,train/loss,77800,2.6203694343566895
LSTM,lstm-v2,train/loss,77900,2.527604818344116
LSTM,lstm-v2,train/loss,78000,2.7198829650878906
LSTM,lstm-v2,train/loss,78100,2.6637954711914062
LSTM,lstm-v2,train/loss,78200,2.611079692840576
LSTM,lstm-v2,train/loss,78300,2.687469959259033
LSTM,lstm-v2,train/loss,78400,2.725081443786621
LSTM,lstm-v2,train/loss,78500,2.5272703170776367
LSTM,lstm-v2,train/loss,78600,2.6077678203582764
LSTM,lstm-v2,train/loss,78700,2.643296003341675
LSTM,lstm-v2,train/loss,78800,2.567134380340576
LSTM,lstm-v2,train/loss,78900,2.669142723083496
LSTM,lstm-v2,train/loss,79000,2.6883769035339355
LSTM,lstm-v2,train/loss,79100,2.5065159797668457
LSTM,lstm-v2,train/loss,79200,2.7021689414978027
LSTM,lstm-v2,train/loss,79300,2.6641440391540527
LSTM,lstm-v2,train/loss,79400,2.55141282081604
LSTM,lstm-v2,train/loss,79500,2.5858259201049805
LSTM,lstm-v2,train/loss,79600,2.6761696338653564
LSTM,lstm-v2,train/loss,79700,2.675248622894287
LSTM,lstm-v2,train/loss,79800,2.557699680328369
LSTM,lstm-v2,train/loss,79900,2.727125883102417
LSTM,lstm-v2,train/loss,80000,2.722475528717041
LSTM,lstm-v2,train/loss,80100,2.6404621601104736
LSTM,lstm-v2,train/loss,80200,2.74151349067688
LSTM,lstm-v2,train/loss,80300,2.6696629524230957
LSTM,lstm-v2,train/loss,80400,2.6501855850219727
LSTM,lstm-v2,train/loss,80500,2.5813961029052734
LSTM,lstm-v2,train/loss,80600,2.729191303253174
LSTM,lstm-v2,train/loss,80700,2.700488567352295
LSTM,lstm-v2,train/loss,80800,2.7134034633636475
LSTM,lstm-v2,train/loss,80900,2.7203288078308105
LSTM,lstm-v2,train/loss,81000,2.579191207885742
LSTM,lstm-v2,train/loss,81100,2.5853493213653564
LSTM,lstm-v2,train/loss,81200,2.5963997840881348
LSTM,lstm-v2,train/loss,81300,2.7479195594787598
LSTM,lstm-v2,train/loss,81400,2.603238105773926
LSTM,lstm-v2,train/loss,81500,2.598735809326172
LSTM,lstm-v2,train/loss,81600,2.72286057472229
LSTM,lstm-v2,train/loss,81700,2.6671571731567383
LSTM,lstm-v2,train/loss,81800,2.695079803466797
LSTM,lstm-v2,train/loss,81900,2.5360794067382812
LSTM,lstm-v2,train/loss,82000,2.6385154724121094
LSTM,lstm-v2,train/loss,82100,2.5672149658203125
LSTM,lstm-v2,train/loss,82200,2.7084579467773438
LSTM,lstm-v2,train/loss,82300,2.5890653133392334
LSTM,lstm-v2,train/loss,82400,2.5858941078186035
LSTM,lstm-v2,train/loss,82500,2.6892294883728027
LSTM,lstm-v2,train/loss,82600,2.6411352157592773
LSTM,lstm-v2,train/loss,82700,2.5848824977874756
LSTM,lstm-v2,train/loss,82800,2.551246166229248
LSTM,lstm-v2,train/loss,82900,2.553844451904297
LSTM,lstm-v2,train/loss,83000,2.7151613235473633
LSTM,lstm-v2,train/loss,83100,2.5287365913391113
LSTM,lstm-v2,train/loss,83200,2.7523531913757324
LSTM,lstm-v2,train/loss,83300,2.644409656524658
LSTM,lstm-v2,train/loss,83400,2.6157379150390625
LSTM,lstm-v2,train/loss,83500,2.483238458633423
LSTM,lstm-v2,train/loss,83600,2.515063762664795
LSTM,lstm-v2,train/loss,83700,2.658496141433716
LSTM,lstm-v2,train/loss,83800,2.562904119491577
LSTM,lstm-v2,train/loss,83900,2.512265205383301
LSTM,lstm-v2,train/loss,84000,2.5536046028137207
LSTM,lstm-v2,train/loss,84100,2.588878631591797
LSTM,lstm-v2,train/loss,84200,2.627131938934326
LSTM,lstm-v2,train/loss,84300,2.480724334716797
LSTM,lstm-v2,train/loss,84400,2.6249330043792725
LSTM,lstm-v2,train/loss,84500,2.5648033618927
LSTM,lstm-v2,train/loss,84600,2.607177257537842
LSTM,lstm-v2,train/loss,84700,2.6546802520751953
LSTM,lstm-v2,train/loss,84800,2.601256847381592
LSTM,lstm-v2,train/loss,84900,2.857222318649292
LSTM,lstm-v2,train/loss,85000,2.676478385925293
LSTM,lstm-v2,train/loss,85100,2.7605443000793457
LSTM,lstm-v2,train/loss,85200,2.5407724380493164
LSTM,lstm-v2,train/loss,85300,2.551727056503296
LSTM,lstm-v2,train/loss,85400,2.6110105514526367
LSTM,lstm-v2,train/loss,85500,2.601499080657959
LSTM,lstm-v2,train/loss,85600,2.608382225036621
LSTM,lstm-v2,train/loss,85700,2.5963854789733887
LSTM,lstm-v2,train/loss,85800,2.6408491134643555
LSTM,lstm-v2,train/loss,85900,2.6199493408203125
LSTM,lstm-v2,train/loss,86000,2.451674461364746
LSTM,lstm-v2,train/loss,86100,2.405445098876953
LSTM,lstm-v2,train/loss,86200,2.558316230773926
LSTM,lstm-v2,train/loss,86300,2.6900501251220703
LSTM,lstm-v2,train/loss,86400,2.7067770957946777
LSTM,lstm-v2,train/loss,86500,2.618990421295166
LSTM,lstm-v2,train/loss,86600,2.6400082111358643
LSTM,lstm-v2,train/loss,86700,2.674699544906616
LSTM,lstm-v2,train/loss,86800,2.561338186264038
LSTM,lstm-v2,train/loss,86900,2.5828778743743896
LSTM,lstm-v2,train/loss,87000,2.6862921714782715
LSTM,lstm-v2,train/loss,87100,2.6308753490448
LSTM,lstm-v2,train/loss,87200,2.5728511810302734
LSTM,lstm-v2,train/loss,87300,2.6441051959991455
LSTM,lstm-v2,train/loss,87400,2.5877914428710938
LSTM,lstm-v2,train/loss,87500,2.4385533332824707
LSTM,lstm-v2,train/loss,87600,2.6355907917022705
LSTM,lstm-v2,train/loss,87700,2.6174263954162598
LSTM,lstm-v2,train/loss,87800,2.684889316558838
LSTM,lstm-v2,train/loss,87900,2.666639566421509
LSTM,lstm-v2,train/loss,88000,2.7655038833618164
LSTM,lstm-v2,train/loss,88100,2.7461068630218506
LSTM,lstm-v2,train/loss,88200,2.599700450897217
LSTM,lstm-v2,train/loss,88300,2.545257091522217
LSTM,lstm-v2,train/loss,88400,2.6328911781311035
LSTM,lstm-v2,train/loss,88500,2.518066883087158
LSTM,lstm-v2,train/loss,88600,2.774324655532837
LSTM,lstm-v2,train/loss,88700,2.556990623474121
LSTM,lstm-v2,train/loss,88800,2.6176154613494873
LSTM,lstm-v2,train/loss,88900,2.5304994583129883
LSTM,lstm-v2,train/loss,89000,2.7001166343688965
LSTM,lstm-v2,train/loss,89100,2.731229782104492
LSTM,lstm-v2,train/loss,89200,2.7496423721313477
LSTM,lstm-v2,train/loss,89300,2.7263107299804688
LSTM,lstm-v2,train/loss,89400,2.578772783279419
LSTM,lstm-v2,train/loss,89500,2.624748468399048
LSTM,lstm-v2,train/loss,89600,2.541503667831421
LSTM,lstm-v2,train/loss,89700,2.5204405784606934
LSTM,lstm-v2,train/loss,89800,2.6894941329956055
LSTM,lstm-v2,train/loss,89900,2.5203845500946045
LSTM,lstm-v2,train/loss,90000,2.5826497077941895
LSTM,lstm-v2,train/loss,90100,2.5898568630218506
LSTM,lstm-v2,train/loss,90200,2.595879077911377
LSTM,lstm-v2,train/loss,90300,2.5816521644592285
LSTM,lstm-v2,train/loss,90400,2.623495101928711
LSTM,lstm-v2,train/loss,90500,2.5894033908843994
LSTM,lstm-v2,train/loss,90600,2.7082924842834473
LSTM,lstm-v2,train/loss,90700,2.5389962196350098
LSTM,lstm-v2,train/loss,90800,2.6386287212371826
LSTM,lstm-v2,train/loss,90900,2.639385223388672
LSTM,lstm-v2,train/loss,91000,2.5928173065185547
LSTM,lstm-v2,train/loss,91100,2.628493070602417
LSTM,lstm-v2,train/loss,91200,2.6281652450561523
LSTM,lstm-v2,train/loss,91300,2.51914119720459
LSTM,lstm-v2,train/loss,91400,2.677997589111328
LSTM,lstm-v2,train/loss,91500,2.53489351272583
LSTM,lstm-v2,train/loss,91600,2.6435723304748535
LSTM,lstm-v2,train/loss,91700,2.534547805786133
LSTM,lstm-v2,train/loss,91800,2.599304437637329
LSTM,lstm-v2,train/loss,91900,2.54502010345459
LSTM,lstm-v2,train/loss,92000,2.8028128147125244
LSTM,lstm-v2,train/loss,92100,2.6209716796875
LSTM,lstm-v2,train/loss,92200,2.6418423652648926
LSTM,lstm-v2,train/loss,92300,2.5559449195861816
LSTM,lstm-v2,train/loss,92400,2.820629835128784
LSTM,lstm-v2,train/loss,92500,2.5386931896209717
LSTM,lstm-v2,train/loss,92600,2.5559675693511963
LSTM,lstm-v2,train/loss,92700,2.772214412689209
LSTM,lstm-v2,train/loss,92800,2.847857713699341
LSTM,lstm-v2,train/loss,92900,2.608994483947754
LSTM,lstm-v2,train/loss,93000,2.606311798095703
LSTM,lstm-v2,train/loss,93100,2.6434497833251953
LSTM,lstm-v2,train/loss,93200,2.5895495414733887
LSTM,lstm-v2,train/loss,93300,2.6082656383514404
LSTM,lstm-v2,train/loss,93400,2.6981287002563477
LSTM,lstm-v2,train/loss,93500,2.683439254760742
LSTM,lstm-v2,train/loss,93600,2.6717429161071777
LSTM,lstm-v2,train/loss,93700,2.674846649169922
LSTM,lstm-v2,train/loss,93800,2.5773019790649414
LSTM,lstm-v2,train/loss,93900,2.4927988052368164
LSTM,lstm-v2,train/loss,94000,2.5010650157928467
LSTM,lstm-v2,train/loss,94100,2.591808795928955
LSTM,lstm-v2,train/loss,94200,2.5615410804748535
LSTM,lstm-v2,train/loss,94300,2.614574432373047
LSTM,lstm-v2,train/loss,94400,2.5809426307678223
LSTM,lstm-v2,train/loss,94500,2.6923367977142334
LSTM,lstm-v2,train/loss,94600,2.539346694946289
LSTM,lstm-v2,train/loss,94700,2.509300708770752
LSTM,lstm-v2,train/loss,94800,2.5814528465270996
LSTM,lstm-v2,train/loss,94900,2.608883857727051
LSTM,lstm-v2,train/loss,95000,2.5281033515930176
LSTM,lstm-v2,train/loss,95100,2.6265859603881836
LSTM,lstm-v2,train/loss,95200,2.8248300552368164
LSTM,lstm-v2,train/loss,95300,2.53690767288208
LSTM,lstm-v2,train/loss,95400,2.6271371841430664
LSTM,lstm-v2,train/loss,95500,2.725041627883911
LSTM,lstm-v2,train/loss,95600,2.6886250972747803
LSTM,lstm-v2,train/loss,95700,2.6463332176208496
LSTM,lstm-v2,train/loss,95800,2.6162073612213135
LSTM,lstm-v2,train/loss,95900,2.6049656867980957
LSTM,lstm-v2,train/loss,96000,2.6104564666748047
LSTM,lstm-v2,train/loss,96100,2.6142735481262207
LSTM,lstm-v2,train/loss,96200,2.6455845832824707
LSTM,lstm-v2,train/loss,96300,2.6156840324401855
LSTM,lstm-v2,train/loss,96400,2.4760587215423584
LSTM,lstm-v2,train/loss,96500,2.556647539138794
LSTM,lstm-v2,train/loss,96600,2.5244035720825195
LSTM,lstm-v2,train/loss,96700,2.6946945190429688
LSTM,lstm-v2,train/loss,96800,2.733023166656494
LSTM,lstm-v2,train/loss,96900,2.5878677368164062
LSTM,lstm-v2,train/loss,97000,2.5256943702697754
LSTM,lstm-v2,train/loss,97100,2.6312718391418457
LSTM,lstm-v2,train/loss,97200,2.541029930114746
LSTM,lstm-v2,train/loss,97300,2.5948100090026855
LSTM,lstm-v2,train/loss,97400,2.592766761779785
LSTM,lstm-v2,train/loss,97500,2.5156373977661133
LSTM,lstm-v2,train/loss,97600,2.676751136779785
LSTM,lstm-v2,train/loss,97700,2.6436657905578613
LSTM,lstm-v2,train/loss,97800,2.5233185291290283
LSTM,lstm-v2,train/loss,97900,2.594547748565674
LSTM,lstm-v2,train/loss,98000,2.5296952724456787
LSTM,lstm-v2,train/loss,98100,2.489063262939453
LSTM,lstm-v2,train/loss,98200,2.5636305809020996
LSTM,lstm-v2,train/loss,98300,2.6110081672668457
LSTM,lstm-v2,train/loss,98400,2.666933059692383
LSTM,lstm-v2,train/loss,98500,2.4848885536193848
LSTM,lstm-v2,train/loss,98600,2.5854239463806152
LSTM,lstm-v2,train/loss,98700,2.504067897796631
LSTM,lstm-v2,train/loss,98800,2.581897258758545
LSTM,lstm-v2,train/loss,98900,2.5412192344665527
LSTM,lstm-v2,train/loss,99000,2.5847387313842773
LSTM,lstm-v2,train/loss,99100,2.7893292903900146
LSTM,lstm-v2,train/loss,99200,2.6443004608154297
LSTM,lstm-v2,train/loss,99300,2.5421690940856934
LSTM,lstm-v2,train/loss,99400,2.55063796043396
LSTM,lstm-v2,train/loss,99500,2.5278401374816895
LSTM,lstm-v2,train/loss,99600,2.7477588653564453
LSTM,lstm-v2,train/loss,99700,2.653573513031006
LSTM,lstm-v2,train/loss,99800,2.4957568645477295
LSTM,lstm-v2,train/loss,99900,2.5654187202453613
LSTM,lstm-v2,train/loss,100000,2.6186933517456055
Transformer,transformer-v2,train/loss,100,6.617791175842285
Transformer,transformer-v2,train/loss,200,6.077566146850586
Transformer,transformer-v2,train/loss,300,5.865150451660156
Transformer,transformer-v2,train/loss,400,5.764330863952637
Transformer,transformer-v2,train/loss,500,5.3198561668396
Transformer,transformer-v2,train/loss,600,5.354586601257324
Transformer,transformer-v2,train/loss,700,5.220001697540283
Transformer,transformer-v2,train/loss,800,5.248434066772461
Transformer,transformer-v2,train/loss,900,5.270672798156738
Transformer,transformer-v2,train/loss,1000,5.038909435272217
Transformer,transformer-v2,train/loss,1100,4.9149041175842285
Transformer,transformer-v2,train/loss,1200,4.741898059844971
Transformer,transformer-v2,train/loss,1300,4.905309677124023
Transformer,transformer-v2,train/loss,1400,4.623101234436035
Transformer,transformer-v2,train/loss,1500,4.57724666595459
Transformer,transformer-v2,train/loss,1600,4.587913513183594
Transformer,transformer-v2,train/loss,1700,4.635738372802734
Transformer,transformer-v2,train/loss,1800,4.634828567504883
Transformer,transformer-v2,train/loss,1900,4.8611159324646
Transformer,transformer-v2,train/loss,2000,4.517875671386719
Transformer,transformer-v2,train/loss,2100,4.338348388671875
Transformer,transformer-v2,train/loss,2200,4.069184303283691
Transformer,transformer-v2,train/loss,2300,4.161347389221191
Transformer,transformer-v2,train/loss,2400,4.2066874504089355
Transformer,transformer-v2,train/loss,2500,4.234837055206299
Transformer,transformer-v2,train/loss,2600,4.138547897338867
Transformer,transformer-v2,train/loss,2700,4.101676940917969
Transformer,transformer-v2,train/loss,2800,4.112148284912109
Transformer,transformer-v2,train/loss,2900,4.084568977355957
Transformer,transformer-v2,train/loss,3000,3.9804768562316895
Transformer,transformer-v2,train/loss,3100,4.277496337890625
Transformer,transformer-v2,train/loss,3200,4.001740455627441
Transformer,transformer-v2,train/loss,3300,4.138326644897461
Transformer,transformer-v2,train/loss,3400,3.932178497314453
Transformer,transformer-v2,train/loss,3500,4.033292770385742
Transformer,transformer-v2,train/loss,3600,3.8586277961730957
Transformer,transformer-v2,train/loss,3700,4.028478622436523
Transformer,transformer-v2,train/loss,3800,3.881023406982422
Transformer,transformer-v2,train/loss,3900,3.7522640228271484
Transformer,transformer-v2,train/loss,4000,3.74117374420166
Transformer,transformer-v2,train/loss,4100,3.6595683097839355
Transformer,transformer-v2,train/loss,4200,3.7411060333251953
Transformer,transformer-v2,train/loss,4300,3.918825149536133
Transformer,transformer-v2,train/loss,4400,3.7814242839813232
Transformer,transformer-v2,train/loss,4500,3.724170207977295
Transformer,transformer-v2,train/loss,4600,3.695305109024048
Transformer,transformer-v2,train/loss,4700,3.722066640853882
Transformer,transformer-v2,train/loss,4800,3.8255412578582764
Transformer,transformer-v2,train/loss,4900,3.5534636974334717
Transformer,transformer-v2,train/loss,5000,3.8252196311950684
Transformer,transformer-v2,train/loss,5100,3.6273975372314453
Transformer,transformer-v2,train/loss,5200,3.7122132778167725
Transformer,transformer-v2,train/loss,5300,3.7102372646331787
Transformer,transformer-v2,train/loss,5400,3.528348207473755
Transformer,transformer-v2,train/loss,5500,3.7509007453918457
Transformer,transformer-v2,train/loss,5600,3.757368326187134
Transformer,transformer-v2,train/loss,5700,3.8605589866638184
Transformer,transformer-v2,train/loss,5800,3.5026094913482666
Transformer,transformer-v2,train/loss,5900,3.542128086090088
Transformer,transformer-v2,train/loss,6000,3.71984601020813
Transformer,transformer-v2,train/loss,6100,3.666342258453369
Transformer,transformer-v2,train/loss,6200,3.7002062797546387
Transformer,transformer-v2,train/loss,6300,3.5743188858032227
Transformer,transformer-v2,train/loss,6400,3.700859546661377
Transformer,transformer-v2,train/loss,6500,3.537294387817383
Transformer,transformer-v2,train/loss,6600,3.6043972969055176
Transformer,transformer-v2,train/loss,6700,3.6743550300598145
Transformer,transformer-v2,train/loss,6800,3.556810140609741
Transformer,transformer-v2,train/loss,6900,3.555307388305664
Transformer,transformer-v2,train/loss,7000,3.5477118492126465
Transformer,transformer-v2,train/loss,7100,3.569611072540283
Transformer,transformer-v2,train/loss,7200,3.2976255416870117
Transformer,transformer-v2,train/loss,7300,3.4339325428009033
Transformer,transformer-v2,train/loss,7400,3.505937337875366
Transformer,transformer-v2,train/loss,7500,3.602875232696533
Transformer,transformer-v2,train/loss,7600,3.4419190883636475
Transformer,transformer-v2,train/loss,7700,3.5422005653381348
Transformer,transformer-v2,train/loss,7800,3.5916881561279297
Transformer,transformer-v2,train/loss,7900,3.3360776901245117
Transformer,transformer-v2,train/loss,8000,3.4908201694488525
Transformer,transformer-v2,train/loss,8100,3.3169150352478027
Transformer,transformer-v2,train/loss,8200,3.632845878601074
Transformer,transformer-v2,train/loss,8300,3.430854320526123
Transformer,transformer-v2,train/loss,8400,3.394695281982422
Transformer,transformer-v2,train/loss,8500,3.34128475189209
Transformer,transformer-v2,train/loss,8600,3.378943920135498
Transformer,transformer-v2,train/loss,8700,3.242318868637085
Transformer,transformer-v2,train/loss,8800,3.357762336730957
Transformer,transformer-v2,train/loss,8900,3.764172077178955
Transformer,transformer-v2,train/loss,9000,3.414785861968994
Transformer,transformer-v2,train/loss,9100,3.4842419624328613
Transformer,transformer-v2,train/loss,9200,3.411820411682129
Transformer,transformer-v2,train/loss,9300,3.304013729095459
Transformer,transformer-v2,train/loss,9400,3.2472052574157715
Transformer,transformer-v2,train/loss,9500,3.1729187965393066
Transformer,transformer-v2,train/loss,9600,3.205556869506836
Transformer,transformer-v2,train/loss,9700,3.431546211242676
Transformer,transformer-v2,train/loss,9800,3.188873767852783
Transformer,transformer-v2,train/loss,9900,3.3176088333129883
Transformer,transformer-v2,train/loss,10000,3.4394216537475586
Transformer,transformer-v2,train/loss,10100,3.233644485473633
Transformer,transformer-v2,train/loss,10200,3.416349411010742
Transformer,transformer-v2,train/loss,10300,3.2291436195373535
Transformer,transformer-v2,train/loss,10400,3.2838430404663086
Transformer,transformer-v2,train/loss,10500,3.125478506088257
Transformer,transformer-v2,train/loss,10600,3.3018884658813477
Transformer,transformer-v2,train/loss,10700,3.037672996520996
Transformer,transformer-v2,train/loss,10800,3.2029056549072266
Transformer,transformer-v2,train/loss,10900,3.5861127376556396
Transformer,transformer-v2,train/loss,11000,3.2430293560028076
Transformer,transformer-v2,train/loss,11100,3.156352996826172
Transformer,transformer-v2,train/loss,11200,3.1723690032958984
Transformer,transformer-v2,train/loss,11300,3.1429965496063232
Transformer,transformer-v2,train/loss,11400,2.957979679107666
Transformer,transformer-v2,train/loss,11500,3.0358123779296875
Transformer,transformer-v2,train/loss,11600,3.1573896408081055
Transformer,transformer-v2,train/loss,11700,3.006992816925049
Transformer,transformer-v2,train/loss,11800,3.2641210556030273
Transformer,transformer-v2,train/loss,11900,3.5028457641601562
Transformer,transformer-v2,train/loss,12000,3.07757306098938
Transformer,transformer-v2,train/loss,12100,3.622910737991333
Transformer,transformer-v2,train/loss,12200,2.9914114475250244
Transformer,transformer-v2,train/loss,12300,2.9912257194519043
Transformer,transformer-v2,train/loss,12400,3.560774803161621
Transformer,transformer-v2,train/loss,12500,3.123755693435669
Transformer,transformer-v2,train/loss,12600,3.0486271381378174
Transformer,transformer-v2,train/loss,12700,3.0784401893615723
Transformer,transformer-v2,train/loss,12800,3.5433027744293213
Transformer,transformer-v2,train/loss,12900,3.102681875228882
Transformer,transformer-v2,train/loss,13000,3.1253316402435303
Transformer,transformer-v2,train/loss,13100,3.0720245838165283
Transformer,transformer-v2,train/loss,13200,3.0922770500183105
Transformer,transformer-v2,train/loss,13300,2.828199863433838
Transformer,transformer-v2,train/loss,13400,3.0315256118774414
Transformer,transformer-v2,train/loss,13500,2.806356906890869
Transformer,transformer-v2,train/loss,13600,2.8469643592834473
Transformer,transformer-v2,train/loss,13700,3.0679268836975098
Transformer,transformer-v2,train/loss,13800,3.2061233520507812
Transformer,transformer-v2,train/loss,13900,3.0001320838928223
Transformer,transformer-v2,train/loss,14000,3.136174201965332
Transformer,transformer-v2,train/loss,14100,3.0383248329162598
Transformer,transformer-v2,train/loss,14200,2.9161646366119385
Transformer,transformer-v2,train/loss,14300,3.0022053718566895
Transformer,transformer-v2,train/loss,14400,3.1418027877807617
Transformer,transformer-v2,train/loss,14500,3.0077171325683594
Transformer,transformer-v2,train/loss,14600,2.97312068939209
Transformer,transformer-v2,train/loss,14700,3.182147264480591
Transformer,transformer-v2,train/loss,14800,2.8852040767669678
Transformer,transformer-v2,train/loss,14900,3.032421827316284
Transformer,transformer-v2,train/loss,15000,3.3801801204681396
Transformer,transformer-v2,train/loss,15100,3.0489306449890137
Transformer,transformer-v2,train/loss,15200,3.0441675186157227
Transformer,transformer-v2,train/loss,15300,3.0516750812530518
Transformer,transformer-v2,train/loss,15400,3.1289443969726562
Transformer,transformer-v2,train/loss,15500,2.9528231620788574
Transformer,transformer-v2,train/loss,15600,2.890535354614258
Transformer,transformer-v2,train/loss,15700,3.2701215744018555
Transformer,transformer-v2,train/loss,15800,3.0083730220794678
Transformer,transformer-v2,train/loss,15900,2.900282382965088
Transformer,transformer-v2,train/loss,16000,3.0133309364318848
Transformer,transformer-v2,train/loss,16100,3.2660279273986816
Transformer,transformer-v2,train/loss,16200,2.9199812412261963
Transformer,transformer-v2,train/loss,16300,2.915644645690918
Transformer,transformer-v2,train/loss,16400,2.9508466720581055
Transformer,transformer-v2,train/loss,16500,2.9215261936187744
Transformer,transformer-v2,train/loss,16600,2.8271164894104004
Transformer,transformer-v2,train/loss,16700,3.090524911880493
Transformer,transformer-v2,train/loss,16800,2.9305648803710938
Transformer,transformer-v2,train/loss,16900,2.8874707221984863
Transformer,transformer-v2,train/loss,17000,2.867940902709961
Transformer,transformer-v2,train/loss,17100,3.121520519256592
Transformer,transformer-v2,train/loss,17200,2.9691169261932373
Transformer,transformer-v2,train/loss,17300,2.963796377182007
Transformer,transformer-v2,train/loss,17400,3.0634961128234863
Transformer,transformer-v2,train/loss,17500,2.8337903022766113
Transformer,transformer-v2,train/loss,17600,2.8931124210357666
Transformer,transformer-v2,train/loss,17700,2.92167329788208
Transformer,transformer-v2,train/loss,17800,2.7424135208129883
Transformer,transformer-v2,train/loss,17900,2.9600884914398193
Transformer,transformer-v2,train/loss,18000,2.8263113498687744
Transformer,transformer-v2,train/loss,18100,2.787461519241333
Transformer,transformer-v2,train/loss,18200,2.852125406265259
Transformer,transformer-v2,train/loss,18300,2.9239959716796875
Transformer,transformer-v2,train/loss,18400,2.863769054412842
Transformer,transformer-v2,train/loss,18500,3.2935190200805664
Transformer,transformer-v2,train/loss,18600,2.8195571899414062
Transformer,transformer-v2,train/loss,18700,2.8205764293670654
Transformer,transformer-v2,train/loss,18800,2.906203269958496
Transformer,transformer-v2,train/loss,18900,2.9062423706054688
Transformer,transformer-v2,train/loss,19000,2.9264588356018066
Transformer,transformer-v2,train/loss,19100,2.991596221923828
Transformer,transformer-v2,train/loss,19200,2.8394742012023926
Transformer,transformer-v2,train/loss,19300,2.9767823219299316
Transformer,transformer-v2,train/loss,19400,2.8166933059692383
Transformer,transformer-v2,train/loss,19500,2.8191192150115967
Transformer,transformer-v2,train/loss,19600,2.8975324630737305
Transformer,transformer-v2,train/loss,19700,2.7776668071746826
Transformer,transformer-v2,train/loss,19800,2.964585304260254
Transformer,transformer-v2,train/loss,19900,2.7787814140319824
Transformer,transformer-v2,train/loss,20000,2.8458290100097656
Transformer,transformer-v2,train/loss,20100,2.7846338748931885
Transformer,transformer-v2,train/loss,20200,2.8410444259643555
Transformer,transformer-v2,train/loss,20300,2.840280532836914
Transformer,transformer-v2,train/loss,20400,2.8965799808502197
Transformer,transformer-v2,train/loss,20500,2.7466630935668945
Transformer,transformer-v2,train/loss,20600,2.8187661170959473
Transformer,transformer-v2,train/loss,20700,2.8563055992126465
Transformer,transformer-v2,train/loss,20800,2.7231292724609375
Transformer,transformer-v2,train/loss,20900,2.7455880641937256
Transformer,transformer-v2,train/loss,21000,2.8009753227233887
Transformer,transformer-v2,train/loss,21100,2.871016025543213
Transformer,transformer-v2,train/loss,21200,2.957667350769043
Transformer,transformer-v2,train/loss,21300,2.723510980606079
Transformer,transformer-v2,train/loss,21400,2.7540817260742188
Transformer,transformer-v2,train/loss,21500,2.905038833618164
Transformer,transformer-v2,train/loss,21600,2.8712899684906006
Transformer,transformer-v2,train/loss,21700,2.7480216026306152
Transformer,transformer-v2,train/loss,21800,3.0868961811065674
Transformer,transformer-v2,train/loss,21900,2.795593738555908
Transformer,transformer-v2,train/loss,22000,2.6814796924591064
Transformer,transformer-v2,train/loss,22100,2.7197983264923096
Transformer,transformer-v2,train/loss,22200,2.6829681396484375
Transformer,transformer-v2,train/loss,22300,2.800971746444702
Transformer,transformer-v2,train/loss,22400,2.7875444889068604
Transformer,transformer-v2,train/loss,22500,2.8434958457946777
Transformer,transformer-v2,train/loss,22600,2.808640480041504
Transformer,transformer-v2,train/loss,22700,2.670064926147461
Transformer,transformer-v2,train/loss,22800,2.7620983123779297
Transformer,transformer-v2,train/loss,22900,2.832308292388916
Transformer,transformer-v2,train/loss,23000,2.9043474197387695
Transformer,transformer-v2,train/loss,23100,2.7896018028259277
Transformer,transformer-v2,train/loss,23200,2.90004301071167
Transformer,transformer-v2,train/loss,23300,2.6980972290039062
Transformer,transformer-v2,train/loss,23400,2.7847912311553955
Transformer,transformer-v2,train/loss,23500,2.688734292984009
Transformer,transformer-v2,train/loss,23600,2.7239928245544434
Transformer,transformer-v2,train/loss,23700,2.760118007659912
Transformer,transformer-v2,train/loss,23800,2.6793594360351562
Transformer,transformer-v2,train/loss,23900,2.65974760055542
Transformer,transformer-v2,train/loss,24000,2.818962574005127
Transformer,transformer-v2,train/loss,24100,2.808241128921509
Transformer,transformer-v2,train/loss,24200,2.8212616443634033
Transformer,transformer-v2,train/loss,24300,2.6511831283569336
Transformer,transformer-v2,train/loss,24400,2.7587502002716064
Transformer,transformer-v2,train/loss,24500,2.6633450984954834
Transformer,transformer-v2,train/loss,24600,2.7383687496185303
Transformer,transformer-v2,train/loss,24700,2.7838540077209473
Transformer,transformer-v2,train/loss,24800,2.627751588821411
Transformer,transformer-v2,train/loss,24900,2.7095632553100586
Transformer,transformer-v2,train/loss,25000,2.6370763778686523
Transformer,transformer-v2,train/loss,25100,2.5097737312316895
Transformer,transformer-v2,train/loss,25200,2.7510178089141846
Transformer,transformer-v2,train/loss,25300,2.658421277999878
Transformer,transformer-v2,train/loss,25400,2.857029438018799
Transformer,transformer-v2,train/loss,25500,2.5912909507751465
Transformer,transformer-v2,train/loss,25600,2.8089656829833984
Transformer,transformer-v2,train/loss,25700,2.98093581199646
Transformer,transformer-v2,train/loss,25800,2.635721206665039
Transformer,transformer-v2,train/loss,25900,2.713247060775757
Transformer,transformer-v2,train/loss,26000,2.7369771003723145
Transformer,transformer-v2,train/loss,26100,2.7123637199401855
Transformer,transformer-v2,train/loss,26200,2.676333427429199
Transformer,transformer-v2,train/loss,26300,2.7376091480255127
Transformer,transformer-v2,train/loss,26400,2.807190418243408
Transformer,transformer-v2,train/loss,26500,2.814667224884033
Transformer,transformer-v2,train/loss,26600,2.7402215003967285
Transformer,transformer-v2,train/loss,26700,2.8524580001831055
Transformer,transformer-v2,train/loss,26800,2.556006908416748
Transformer,transformer-v2,train/loss,26900,2.739790201187134
Transformer,transformer-v2,train/loss,27000,2.7721543312072754
Transformer,transformer-v2,train/loss,27100,2.791508436203003
Transformer,transformer-v2,train/loss,27200,2.6567091941833496
Transformer,transformer-v2,train/loss,27300,2.663158416748047
Transformer,transformer-v2,train/loss,27400,2.644038677215576
Transformer,transformer-v2,train/loss,27500,2.6783015727996826
Transformer,transformer-v2,train/loss,27600,2.7652971744537354
Transformer,transformer-v2,train/loss,27700,2.6832709312438965
Transformer,transformer-v2,train/loss,27800,2.739997386932373
Transformer,transformer-v2,train/loss,27900,2.761673927307129
Transformer,transformer-v2,train/loss,28000,2.7289228439331055
Transformer,transformer-v2,train/loss,28100,2.8883347511291504
Transformer,transformer-v2,train/loss,28200,2.6993913650512695
Transformer,transformer-v2,train/loss,28300,2.664361000061035
Transformer,transformer-v2,train/loss,28400,2.671393871307373
Transformer,transformer-v2,train/loss,28500,2.7390952110290527
Transformer,transformer-v2,train/loss,28600,2.781127691268921
Transformer,transformer-v2,train/loss,28700,2.771033763885498
Transformer,transformer-v2,train/loss,28800,2.610473155975342
Transformer,transformer-v2,train/loss,28900,2.814072608947754
Transformer,transformer-v2,train/loss,29000,2.7402377128601074
Transformer,transformer-v2,train/loss,29100,2.7095589637756348
Transformer,transformer-v2,train/loss,29200,2.735184669494629
Transformer,transformer-v2,train/loss,29300,2.7564897537231445
Transformer,transformer-v2,train/loss,29400,2.7444584369659424
Transformer,transformer-v2,train/loss,29500,2.7692861557006836
Transformer,transformer-v2,train/loss,29600,2.7753000259399414
Transformer,transformer-v2,train/loss,29700,2.7104759216308594
Transformer,transformer-v2,train/loss,29800,2.53941011428833
Transformer,transformer-v2,train/loss,29900,2.7347183227539062
Transformer,transformer-v2,train/loss,30000,2.6305623054504395
Transformer,transformer-v2,train/loss,30100,2.756625175476074
Transformer,transformer-v2,train/loss,30200,2.735682964324951
Transformer,transformer-v2,train/loss,30300,2.5860283374786377
Transformer,transformer-v2,train/loss,30400,2.632425546646118
Transformer,transformer-v2,train/loss,30500,2.809171676635742
Transformer,transformer-v2,train/loss,30600,2.6312403678894043
Transformer,transformer-v2,train/loss,30700,2.5389935970306396
Transformer,transformer-v2,train/loss,30800,2.7777960300445557
Transformer,transformer-v2,train/loss,30900,2.766005039215088
Transformer,transformer-v2,train/loss,31000,2.710137367248535
Transformer,transformer-v2,train/loss,31100,2.616872549057007
Transformer,transformer-v2,train/loss,31200,2.657662868499756
Transformer,transformer-v2,train/loss,31300,2.7213211059570312
Transformer,transformer-v2,train/loss,31400,2.6618378162384033
Transformer,transformer-v2,train/loss,31500,2.7784900665283203
Transformer,transformer-v2,train/loss,31600,2.6922104358673096
Transformer,transformer-v2,train/loss,31700,2.804140567779541
Transformer,transformer-v2,train/loss,31800,2.6650242805480957
Transformer,transformer-v2,train/loss,31900,2.7208433151245117
Transformer,transformer-v2,train/loss,32000,2.6752047538757324
Transformer,transformer-v2,train/loss,32100,2.6626596450805664
Transformer,transformer-v2,train/loss,32200,2.4636759757995605
Transformer,transformer-v2,train/loss,32300,2.6544790267944336
Transformer,transformer-v2,train/loss,32400,2.678347110748291
Transformer,transformer-v2,train/loss,32500,2.6686620712280273
Transformer,transformer-v2,train/loss,32600,2.6220717430114746
Transformer,transformer-v2,train/loss,32700,2.786869525909424
Transformer,transformer-v2,train/loss,32800,2.6702041625976562
Transformer,transformer-v2,train/loss,32900,2.7245888710021973
Transformer,transformer-v2,train/loss,33000,2.6671671867370605
Transformer,transformer-v2,train/loss,33100,2.60482120513916
Transformer,transformer-v2,train/loss,33200,2.6353249549865723
Transformer,transformer-v2,train/loss,33300,2.6541848182678223
Transformer,transformer-v2,train/loss,33400,2.6809659004211426
Transformer,transformer-v2,train/loss,33500,2.6098473072052
Transformer,transformer-v2,train/loss,33600,2.620274782180786
Transformer,transformer-v2,train/loss,33700,2.560913562774658
Transformer,transformer-v2,train/loss,33800,2.667553424835205
Transformer,transformer-v2,train/loss,33900,2.658653736114502
Transformer,transformer-v2,train/loss,34000,2.656808376312256
Transformer,transformer-v2,train/loss,34100,3.0264666080474854
Transformer,transformer-v2,train/loss,34200,2.705540657043457
Transformer,transformer-v2,train/loss,34300,2.6718573570251465
Transformer,transformer-v2,train/loss,34400,2.589102268218994
Transformer,transformer-v2,train/loss,34500,2.7660694122314453
Transformer,transformer-v2,train/loss,34600,2.514211654663086
Transformer,transformer-v2,train/loss,34700,2.7142295837402344
Transformer,transformer-v2,train/loss,34800,2.728837013244629
Transformer,transformer-v2,train/loss,34900,2.5496761798858643
Transformer,transformer-v2,train/loss,35000,2.821441173553467
Transformer,transformer-v2,train/loss,35100,2.624751567840576
Transformer,transformer-v2,train/loss,35200,2.6472835540771484
Transformer,transformer-v2,train/loss,35300,2.6444756984710693
Transformer,transformer-v2,train/loss,35400,2.744555950164795
Transformer,transformer-v2,train/loss,35500,2.5339760780334473
Transformer,transformer-v2,train/loss,35600,2.570765256881714
Transformer,transformer-v2,train/loss,35700,2.6416728496551514
Transformer,transformer-v2,train/loss,35800,2.7217655181884766
Transformer,transformer-v2,train/loss,35900,2.5490589141845703
Transformer,transformer-v2,train/loss,36000,2.605534076690674
Transformer,transformer-v2,train/loss,36100,2.556303024291992
Transformer,transformer-v2,train/loss,36200,2.5633111000061035
Transformer,transformer-v2,train/loss,36300,2.700129508972168
Transformer,transformer-v2,train/loss,36400,2.6523802280426025
Transformer,transformer-v2,train/loss,36500,2.5078749656677246
Transformer,transformer-v2,train/loss,36600,2.572628974914551
Transformer,transformer-v2,train/loss,36700,2.648963451385498
Transformer,transformer-v2,train/loss,36800,2.6269936561584473
Transformer,transformer-v2,train/loss,36900,2.456756591796875
Transformer,transformer-v2,train/loss,37000,2.5424036979675293
Transformer,transformer-v2,train/loss,37100,2.8621506690979004
Transformer,transformer-v2,train/loss,37200,2.513929843902588
Transformer,transformer-v2,train/loss,37300,2.6120569705963135
Transformer,transformer-v2,train/loss,37400,2.711599588394165
Transformer,transformer-v2,train/loss,37500,2.6877193450927734
Transformer,transformer-v2,train/loss,37600,2.520268201828003
Transformer,transformer-v2,train/loss,37700,2.6518895626068115
Transformer,transformer-v2,train/loss,37800,2.73689603805542
Transformer,transformer-v2,train/loss,37900,2.643744468688965
Transformer,transformer-v2,train/loss,38000,2.4408507347106934
Transformer,transformer-v2,train/loss,38100,2.4029407501220703
Transformer,transformer-v2,train/loss,38200,2.4924159049987793
Transformer,transformer-v2,train/loss,38300,2.4689712524414062
Transformer,transformer-v2,train/loss,38400,2.560065269470215
Transformer,transformer-v2,train/loss,38500,2.566866159439087
Transformer,transformer-v2,train/loss,38600,2.628868341445923
Transformer,transformer-v2,train/loss,38700,2.592479705810547
Transformer,transformer-v2,train/loss,38800,2.4686436653137207
Transformer,transformer-v2,train/loss,38900,2.592547655105591
Transformer,transformer-v2,train/loss,39000,2.5804965496063232
Transformer,transformer-v2,train/loss,39100,2.480417251586914
Transformer,transformer-v2,train/loss,39200,2.5702366828918457
Transformer,transformer-v2,train/loss,39300,2.5828840732574463
Transformer,transformer-v2,train/loss,39400,2.4907727241516113
Transformer,transformer-v2,train/loss,39500,2.554264545440674
Transformer,transformer-v2,train/loss,39600,2.5727195739746094
Transformer,transformer-v2,train/loss,39700,2.615105628967285
Transformer,transformer-v2,train/loss,39800,2.489485263824463
Transformer,transformer-v2,train/loss,39900,2.498175859451294
Transformer,transformer-v2,train/loss,40000,2.513105869293213
Transformer,transformer-v2,train/loss,40100,2.379757881164551
Transformer,transformer-v2,train/loss,40200,2.416674852371216
Transformer,transformer-v2,train/loss,40300,2.485515594482422
Transformer,transformer-v2,train/loss,40400,2.4753525257110596
Transformer,transformer-v2,train/loss,40500,2.4836878776550293
Transformer,transformer-v2,train/loss,40600,2.3807880878448486
Transformer,transformer-v2,train/loss,40700,2.5109925270080566
Transformer,transformer-v2,train/loss,40800,2.538876533508301
Transformer,transformer-v2,train/loss,40900,2.5367166996002197
Transformer,transformer-v2,train/loss,41000,2.488426685333252
Transformer,transformer-v2,train/loss,41100,2.506408214569092
Transformer,transformer-v2,train/loss,41200,2.622735023498535
Transformer,transformer-v2,train/loss,41300,2.507383108139038
Transformer,transformer-v2,train/loss,41400,2.4548349380493164
Transformer,transformer-v2,train/loss,41500,2.463117837905884
Transformer,transformer-v2,train/loss,41600,2.719146966934204
Transformer,transformer-v2,train/loss,41700,2.4208474159240723
Transformer,transformer-v2,train/loss,41800,2.3847293853759766
Transformer,transformer-v2,train/loss,41900,2.4403295516967773
Transformer,transformer-v2,train/loss,42000,2.534600019454956
Transformer,transformer-v2,train/loss,42100,2.4531121253967285
Transformer,transformer-v2,train/loss,42200,2.4789700508117676
Transformer,transformer-v2,train/loss,42300,2.5299627780914307
Transformer,transformer-v2,train/loss,42400,2.4673304557800293
Transformer,transformer-v2,train/loss,42500,2.630582332611084
Transformer,transformer-v2,train/loss,42600,2.5383810997009277
Transformer,transformer-v2,train/loss,42700,2.598555564880371
Transformer,transformer-v2,train/loss,42800,2.774472713470459
Transformer,transformer-v2,train/loss,42900,2.829476833343506
Transformer,transformer-v2,train/loss,43000,2.5066614151000977
Transformer,transformer-v2,train/loss,43100,2.4398293495178223
Transformer,transformer-v2,train/loss,43200,2.4942708015441895
Transformer,transformer-v2,train/loss,43300,2.302593231201172
Transformer,transformer-v2,train/loss,43400,2.512571096420288
Transformer,transformer-v2,train/loss,43500,2.4289817810058594
Transformer,transformer-v2,train/loss,43600,2.563965320587158
Transformer,transformer-v2,train/loss,43700,2.410088062286377
Transformer,transformer-v2,train/loss,43800,2.4319682121276855
Transformer,transformer-v2,train/loss,43900,2.90482234954834
Transformer,transformer-v2,train/loss,44000,2.5761055946350098
Transformer,transformer-v2,train/loss,44100,2.7701358795166016
Transformer,transformer-v2,train/loss,44200,2.390270233154297
Transformer,transformer-v2,train/loss,44300,2.4968643188476562
Transformer,transformer-v2,train/loss,44400,2.3955914974212646
Transformer,transformer-v2,train/loss,44500,2.4469289779663086
Transformer,transformer-v2,train/loss,44600,2.491255760192871
Transformer,transformer-v2,train/loss,44700,2.4017457962036133
Transformer,transformer-v2,train/loss,44800,2.590132236480713
Transformer,transformer-v2,train/loss,44900,2.449227809906006
Transformer,transformer-v2,train/loss,45000,2.5691654682159424
Transformer,transformer-v2,train/loss,45100,2.4766814708709717
Transformer,transformer-v2,train/loss,45200,2.679697036743164
Transformer,transformer-v2,train/loss,45300,2.396092414855957
Transformer,transformer-v2,train/loss,45400,2.423935890197754
Transformer,transformer-v2,train/loss,45500,2.513711452484131
Transformer,transformer-v2,train/loss,45600,2.5102105140686035
Transformer,transformer-v2,train/loss,45700,2.4637064933776855
Transformer,transformer-v2,train/loss,45800,2.4047393798828125
Transformer,transformer-v2,train/loss,45900,2.5272274017333984
Transformer,transformer-v2,train/loss,46000,2.4100592136383057
Transformer,transformer-v2,train/loss,46100,2.4988017082214355
Transformer,transformer-v2,train/loss,46200,2.357966899871826
Transformer,transformer-v2,train/loss,46300,2.4054927825927734
Transformer,transformer-v2,train/loss,46400,2.4560422897338867
Transformer,transformer-v2,train/loss,46500,2.4995014667510986
Transformer,transformer-v2,train/loss,46600,2.540707588195801
Transformer,transformer-v2,train/loss,46700,2.3201589584350586
Transformer,transformer-v2,train/loss,46800,2.449951171875
Transformer,transformer-v2,train/loss,46900,2.485218048095703
Transformer,transformer-v2,train/loss,47000,2.467980146408081
Transformer,transformer-v2,train/loss,47100,2.4300880432128906
Transformer,transformer-v2,train/loss,47200,2.8630168437957764
Transformer,transformer-v2,train/loss,47300,2.390864849090576
Transformer,transformer-v2,train/loss,47400,2.6726183891296387
Transformer,transformer-v2,train/loss,47500,2.4570205211639404
Transformer,transformer-v2,train/loss,47600,2.5409746170043945
Transformer,transformer-v2,train/loss,47700,2.5207314491271973
Transformer,transformer-v2,train/loss,47800,2.539405345916748
Transformer,transformer-v2,train/loss,47900,2.385110378265381
Transformer,transformer-v2,train/loss,48000,2.5494890213012695
Transformer,transformer-v2,train/loss,48100,2.8431735038757324
Transformer,transformer-v2,train/loss,48200,2.4210190773010254
Transformer,transformer-v2,train/loss,48300,2.341723918914795
Transformer,transformer-v2,train/loss,48400,2.5396580696105957
Transformer,transformer-v2,train/loss,48500,2.6309189796447754
Transformer,transformer-v2,train/loss,48600,2.545072555541992
Transformer,transformer-v2,train/loss,48700,2.512519359588623
Transformer,transformer-v2,train/loss,48800,2.484151840209961
Transformer,transformer-v2,train/loss,48900,2.505836009979248
Transformer,transformer-v2,train/loss,49000,2.383620262145996
Transformer,transformer-v2,train/loss,49100,2.4140625
Transformer,transformer-v2,train/loss,49200,2.426387310028076
Transformer,transformer-v2,train/loss,49300,2.5385375022888184
Transformer,transformer-v2,train/loss,49400,2.425568103790283
Transformer,transformer-v2,train/loss,49500,2.5105226039886475
Transformer,transformer-v2,train/loss,49600,2.4881529808044434
Transformer,transformer-v2,train/loss,49700,2.460190773010254
Transformer,transformer-v2,train/loss,49800,2.4944000244140625
Transformer,transformer-v2,train/loss,49900,2.4792490005493164
Transformer,transformer-v2,train/loss,50000,2.4434421062469482
Transformer,transformer-v2,train/loss,50100,2.435612678527832
Transformer,transformer-v2,train/loss,50200,2.4649999141693115
Transformer,transformer-v2,train/loss,50300,2.3988466262817383
Transformer,transformer-v2,train/loss,50400,2.4633073806762695
Transformer,transformer-v2,train/loss,50500,2.5592055320739746
Transformer,transformer-v2,train/loss,50600,2.601994037628174
Transformer,transformer-v2,train/loss,50700,2.496532440185547
Transformer,transformer-v2,train/loss,50800,2.456367015838623
Transformer,transformer-v2,train/loss,50900,2.491364002227783
Transformer,transformer-v2,train/loss,51000,2.519960403442383
Transformer,transformer-v2,train/loss,51100,2.587632656097412
Transformer,transformer-v2,train/loss,51200,2.430062770843506
Transformer,transformer-v2,train/loss,51300,2.4794559478759766
Transformer,transformer-v2,train/loss,51400,2.5039663314819336
Transformer,transformer-v2,train/loss,51500,2.439561605453491
Transformer,transformer-v2,train/loss,51600,2.5327417850494385
Transformer,transformer-v2,train/loss,51700,2.4111905097961426
Transformer,transformer-v2,train/loss,51800,2.50132155418396
Transformer,transformer-v2,train/loss,51900,2.3501782417297363
Transformer,transformer-v2,train/loss,52000,2.799598217010498
Transformer,transformer-v2,train/loss,52100,2.3935420513153076
Transformer,transformer-v2,train/loss,52200,2.484145164489746
Transformer,transformer-v2,train/loss,52300,2.5287017822265625
Transformer,transformer-v2,train/loss,52400,2.5219287872314453
Transformer,transformer-v2,train/loss,52500,2.516144275665283
Transformer,transformer-v2,train/loss,52600,2.519355297088623
Transformer,transformer-v2,train/loss,52700,2.3664212226867676
Transformer,transformer-v2,train/loss,52800,2.4906437397003174
Transformer,transformer-v2,train/loss,52900,2.4420533180236816
Transformer,transformer-v2,train/loss,53000,2.4118847846984863
Transformer,transformer-v2,train/loss,53100,2.448899030685425
Transformer,transformer-v2,train/loss,53200,2.3908581733703613
Transformer,transformer-v2,train/loss,53300,2.5108494758605957
Transformer,transformer-v2,train/loss,53400,2.4990079402923584
Transformer,transformer-v2,train/loss,53500,2.439554452896118
Transformer,transformer-v2,train/loss,53600,2.5268287658691406
Transformer,transformer-v2,train/loss,53700,2.416226625442505
Transformer,transformer-v2,train/loss,53800,2.4242589473724365
Transformer,transformer-v2,train/loss,53900,2.4747490882873535
Transformer,transformer-v2,train/loss,54000,2.3666601181030273
Transformer,transformer-v2,train/loss,54100,2.5106217861175537
Transformer,transformer-v2,train/loss,54200,2.4613795280456543
Transformer,transformer-v2,train/loss,54300,2.403690814971924
Transformer,transformer-v2,train/loss,54400,2.351147174835205
Transformer,transformer-v2,train/loss,54500,2.3862900733947754
Transformer,transformer-v2,train/loss,54600,2.357100486755371
Transformer,transformer-v2,train/loss,54700,2.3510284423828125
Transformer,transformer-v2,train/loss,54800,2.584392547607422
Transformer,transformer-v2,train/loss,54900,2.4088451862335205
Transformer,transformer-v2,train/loss,55000,2.552133798599243
Transformer,transformer-v2,train/loss,55100,2.4534974098205566
Transformer,transformer-v2,train/loss,55200,2.4287638664245605
Transformer,transformer-v2,train/loss,55300,2.3735804557800293
Transformer,transformer-v2,train/loss,55400,2.472330093383789
Transformer,transformer-v2,train/loss,55500,2.475282669067383
Transformer,transformer-v2,train/loss,55600,2.5155069828033447
Transformer,transformer-v2,train/loss,55700,2.507251262664795
Transformer,transformer-v2,train/loss,55800,2.490551471710205
Transformer,transformer-v2,train/loss,55900,2.425899028778076
Transformer,transformer-v2,train/loss,56000,2.517543315887451
Transformer,transformer-v2,train/loss,56100,2.503316879272461
Transformer,transformer-v2,train/loss,56200,2.6163413524627686
Transformer,transformer-v2,train/loss,56300,2.3689379692077637
Transformer,transformer-v2,train/loss,56400,2.4863123893737793
Transformer,transformer-v2,train/loss,56500,2.4643802642822266
Transformer,transformer-v2,train/loss,56600,2.2892303466796875
Transformer,transformer-v2,train/loss,56700,2.435939311981201
Transformer,transformer-v2,train/loss,56800,2.435455799102783
Transformer,transformer-v2,train/loss,56900,2.522866725921631
Transformer,transformer-v2,train/loss,57000,2.467001438140869
Transformer,transformer-v2,train/loss,57100,2.485065460205078
Transformer,transformer-v2,train/loss,57200,2.4261770248413086
Transformer,transformer-v2,train/loss,57300,2.4061315059661865
Transformer,transformer-v2,train/loss,57400,2.4184536933898926
Transformer,transformer-v2,train/loss,57500,2.515749931335449
Transformer,transformer-v2,train/loss,57600,2.390192985534668
Transformer,transformer-v2,train/loss,57700,2.434791326522827
Transformer,transformer-v2,train/loss,57800,2.409559488296509
Transformer,transformer-v2,train/loss,57900,2.5647056102752686
Transformer,transformer-v2,train/loss,58000,2.3576784133911133
Transformer,transformer-v2,train/loss,58100,2.535691976547241
Transformer,transformer-v2,train/loss,58200,2.4225869178771973
Transformer,transformer-v2,train/loss,58300,2.3130240440368652
Transformer,transformer-v2,train/loss,58400,2.7369017601013184
Transformer,transformer-v2,train/loss,58500,2.3419840335845947
Transformer,transformer-v2,train/loss,58600,2.2411913871765137
Transformer,transformer-v2,train/loss,58700,2.338087558746338
Transformer,transformer-v2,train/loss,58800,2.38015079498291
Transformer,transformer-v2,train/loss,58900,2.3803677558898926
Transformer,transformer-v2,train/loss,59000,2.3405649662017822
Transformer,transformer-v2,train/loss,59100,2.2193400859832764
Transformer,transformer-v2,train/loss,59200,2.3099937438964844
Transformer,transformer-v2,train/loss,59300,2.2933621406555176
Transformer,transformer-v2,train/loss,59400,2.293968439102173
Transformer,transformer-v2,train/loss,59500,2.3613319396972656
Transformer,transformer-v2,train/loss,59600,2.3692846298217773
Transformer,transformer-v2,train/loss,59700,2.3069863319396973
Transformer,transformer-v2,train/loss,59800,2.3387451171875
Transformer,transformer-v2,train/loss,59900,2.380270004272461
Transformer,transformer-v2,train/loss,60000,2.6018333435058594
Transformer,transformer-v2,train/loss,60100,2.275043487548828
Transformer,transformer-v2,train/loss,60200,2.304368495941162
Transformer,transformer-v2,train/loss,60300,2.6569223403930664
Transformer,transformer-v2,train/loss,60400,2.362318992614746
Transformer,transformer-v2,train/loss,60500,2.678908348083496
Transformer,transformer-v2,train/loss,60600,2.3453125953674316
Transformer,transformer-v2,train/loss,60700,2.3101577758789062
Transformer,transformer-v2,train/loss,60800,2.3238070011138916
Transformer,transformer-v2,train/loss,60900,2.439168691635132
Transformer,transformer-v2,train/loss,61000,2.4117016792297363
Transformer,transformer-v2,train/loss,61100,2.342501640319824
Transformer,transformer-v2,train/loss,61200,2.3415932655334473
Transformer,transformer-v2,train/loss,61300,2.362074375152588
Transformer,transformer-v2,train/loss,61400,2.263624668121338
Transformer,transformer-v2,train/loss,61500,2.3287534713745117
Transformer,transformer-v2,train/loss,61600,2.2995243072509766
Transformer,transformer-v2,train/loss,61700,2.1857595443725586
Transformer,transformer-v2,train/loss,61800,2.2992498874664307
Transformer,transformer-v2,train/loss,61900,2.244544506072998
Transformer,transformer-v2,train/loss,62000,2.298862934112549
Transformer,transformer-v2,train/loss,62100,2.33890438079834
Transformer,transformer-v2,train/loss,62200,2.3488059043884277
Transformer,transformer-v2,train/loss,62300,2.299924373626709
Transformer,transformer-v2,train/loss,62400,2.3130295276641846
Transformer,transformer-v2,train/loss,62500,2.30591082572937
Transformer,transformer-v2,train/loss,62600,2.3616602420806885
Transformer,transformer-v2,train/loss,62700,2.335559368133545
Transformer,transformer-v2,train/loss,62800,2.44539737701416
Transformer,transformer-v2,train/loss,62900,2.3998188972473145
Transformer,transformer-v2,train/loss,63000,2.3387012481689453
Transformer,transformer-v2,train/loss,63100,2.350154399871826
Transformer,transformer-v2,train/loss,63200,2.3005623817443848
Transformer,transformer-v2,train/loss,63300,2.283015012741089
Transformer,transformer-v2,train/loss,63400,2.288527011871338
Transformer,transformer-v2,train/loss,63500,2.254761219024658
Transformer,transformer-v2,train/loss,63600,2.3598368167877197
Transformer,transformer-v2,train/loss,63700,2.3320093154907227
Transformer,transformer-v2,train/loss,63800,2.3523247241973877
Transformer,transformer-v2,train/loss,63900,2.4415369033813477
Transformer,transformer-v2,train/loss,64000,2.32846736907959
Transformer,transformer-v2,train/loss,64100,2.321242094039917
Transformer,transformer-v2,train/loss,64200,2.3030145168304443
Transformer,transformer-v2,train/loss,64300,2.3792777061462402
Transformer,transformer-v2,train/loss,64400,2.3277487754821777
Transformer,transformer-v2,train/loss,64500,2.268876075744629
Transformer,transformer-v2,train/loss,64600,2.684879779815674
Transformer,transformer-v2,train/loss,64700,2.263698101043701
Transformer,transformer-v2,train/loss,64800,2.2740607261657715
Transformer,transformer-v2,train/loss,64900,2.3567681312561035
Transformer,transformer-v2,train/loss,65000,2.3592758178710938
Transformer,transformer-v2,train/loss,65100,2.36582612991333
Transformer,transformer-v2,train/loss,65200,2.270951986312866
Transformer,transformer-v2,train/loss,65300,2.348006248474121
Transformer,transformer-v2,train/loss,65400,2.3465845584869385
Transformer,transformer-v2,train/loss,65500,2.359215259552002
Transformer,transformer-v2,train/loss,65600,2.29067325592041
Transformer,transformer-v2,train/loss,65700,2.2388570308685303
Transformer,transformer-v2,train/loss,65800,2.5114266872406006
Transformer,transformer-v2,train/loss,65900,2.3183865547180176
Transformer,transformer-v2,train/loss,66000,2.358403444290161
Transformer,transformer-v2,train/loss,66100,2.3766837120056152
Transformer,transformer-v2,train/loss,66200,2.1929337978363037
Transformer,transformer-v2,train/loss,66300,2.3842663764953613
Transformer,transformer-v2,train/loss,66400,2.3746581077575684
Transformer,transformer-v2,train/loss,66500,2.2318849563598633
Transformer,transformer-v2,train/loss,66600,2.2374062538146973
Transformer,transformer-v2,train/loss,66700,2.330385684967041
Transformer,transformer-v2,train/loss,66800,2.2934978008270264
Transformer,transformer-v2,train/loss,66900,2.402820110321045
Transformer,transformer-v2,train/loss,67000,2.2783265113830566
Transformer,transformer-v2,train/loss,67100,2.2881362438201904
Transformer,transformer-v2,train/loss,67200,2.3245368003845215
Transformer,transformer-v2,train/loss,67300,2.2621803283691406
Transformer,transformer-v2,train/loss,67400,2.2515103816986084
Transformer,transformer-v2,train/loss,67500,2.260620594024658
Transformer,transformer-v2,train/loss,67600,2.309410572052002
Transformer,transformer-v2,train/loss,67700,2.333785057067871
Transformer,transformer-v2,train/loss,67800,2.305382251739502
Transformer,transformer-v2,train/loss,67900,2.2073328495025635
Transformer,transformer-v2,train/loss,68000,2.3489108085632324
Transformer,transformer-v2,train/loss,68100,2.311584949493408
Transformer,transformer-v2,train/loss,68200,2.284986734390259
Transformer,transformer-v2,train/loss,68300,2.4376463890075684
Transformer,transformer-v2,train/loss,68400,2.3694801330566406
Transformer,transformer-v2,train/loss,68500,2.3180885314941406
Transformer,transformer-v2,train/loss,68600,2.2525649070739746
Transformer,transformer-v2,train/loss,68700,2.3037116527557373
Transformer,transformer-v2,train/loss,68800,2.3271141052246094
Transformer,transformer-v2,train/loss,68900,2.280599594116211
Transformer,transformer-v2,train/loss,69000,2.2518439292907715
Transformer,transformer-v2,train/loss,69100,2.2429981231689453
Transformer,transformer-v2,train/loss,69200,2.2202649116516113
Transformer,transformer-v2,train/loss,69300,2.392592430114746
Transformer,transformer-v2,train/loss,69400,2.255051612854004
Transformer,transformer-v2,train/loss,69500,2.3642396926879883
Transformer,transformer-v2,train/loss,69600,2.3852086067199707
Transformer,transformer-v2,train/loss,69700,2.380073070526123
Transformer,transformer-v2,train/loss,69800,2.2672877311706543
Transformer,transformer-v2,train/loss,69900,2.30596661567688
Transformer,transformer-v2,train/loss,70000,2.361907958984375
Transformer,transformer-v2,train/loss,70100,2.3935508728027344
Transformer,transformer-v2,train/loss,70200,2.3166894912719727
Transformer,transformer-v2,train/loss,70300,2.3063082695007324
Transformer,transformer-v2,train/loss,70400,2.2931747436523438
Transformer,transformer-v2,train/loss,70500,2.383517026901245
Transformer,transformer-v2,train/loss,70600,2.321842908859253
Transformer,transformer-v2,train/loss,70700,2.392974853515625
Transformer,transformer-v2,train/loss,70800,2.340693473815918
Transformer,transformer-v2,train/loss,70900,2.288179397583008
Transformer,transformer-v2,train/loss,71000,2.340524196624756
Transformer,transformer-v2,train/loss,71100,2.2179417610168457
Transformer,transformer-v2,train/loss,71200,2.1964313983917236
Transformer,transformer-v2,train/loss,71300,2.3382718563079834
Transformer,transformer-v2,train/loss,71400,2.333254814147949
Transformer,transformer-v2,train/loss,71500,2.2692179679870605
Transformer,transformer-v2,train/loss,71600,2.3476014137268066
Transformer,transformer-v2,train/loss,71700,2.338773250579834
Transformer,transformer-v2,train/loss,71800,2.396069288253784
Transformer,transformer-v2,train/loss,71900,2.1926355361938477
Transformer,transformer-v2,train/loss,72000,2.232163190841675
Transformer,transformer-v2,train/loss,72100,2.27402400970459
Transformer,transformer-v2,train/loss,72200,2.215106725692749
Transformer,transformer-v2,train/loss,72300,2.344675064086914
Transformer,transformer-v2,train/loss,72400,2.315098762512207
Transformer,transformer-v2,train/loss,72500,2.3035874366760254
Transformer,transformer-v2,train/loss,72600,2.436145305633545
Transformer,transformer-v2,train/loss,72700,2.299093723297119
Transformer,transformer-v2,train/loss,72800,2.348407745361328
Transformer,transformer-v2,train/loss,72900,2.3561394214630127
Transformer,transformer-v2,train/loss,73000,2.2958478927612305
Transformer,transformer-v2,train/loss,73100,2.370621681213379
Transformer,transformer-v2,train/loss,73200,2.3069498538970947
Transformer,transformer-v2,train/loss,73300,2.308755397796631
Transformer,transformer-v2,train/loss,73400,2.3523354530334473
Transformer,transformer-v2,train/loss,73500,2.3510842323303223
Transformer,transformer-v2,train/loss,73600,2.387880802154541
Transformer,transformer-v2,train/loss,73700,2.285663366317749
Transformer,transformer-v2,train/loss,73800,2.3766379356384277
Transformer,transformer-v2,train/loss,73900,2.2469546794891357
Transformer,transformer-v2,train/loss,74000,2.33266019821167
Transformer,transformer-v2,train/loss,74100,2.265275001525879
Transformer,transformer-v2,train/loss,74200,2.243927001953125
Transformer,transformer-v2,train/loss,74300,2.197943687438965
Transformer,transformer-v2,train/loss,74400,2.2137749195098877
Transformer,transformer-v2,train/loss,74500,2.24984073638916
Transformer,transformer-v2,train/loss,74600,2.382035255432129
Transformer,transformer-v2,train/loss,74700,2.425128221511841
Transformer,transformer-v2,train/loss,74800,2.150681734085083
Transformer,transformer-v2,train/loss,74900,2.2357337474823
Transformer,transformer-v2,train/loss,75000,2.2879486083984375
Transformer,transformer-v2,train/loss,75100,2.334609270095825
Transformer,transformer-v2,train/loss,75200,2.3852691650390625
Transformer,transformer-v2,train/loss,75300,2.366560459136963
Transformer,transformer-v2,train/loss,75400,2.3747756481170654
Transformer,transformer-v2,train/loss,75500,2.3870790004730225
Transformer,transformer-v2,train/loss,75600,2.267396926879883
Transformer,transformer-v2,train/loss,75700,2.1749372482299805
Transformer,transformer-v2,train/loss,75800,2.3069961071014404
Transformer,transformer-v2,train/loss,75900,2.3533756732940674
Transformer,transformer-v2,train/loss,76000,2.409104585647583
Transformer,transformer-v2,train/loss,76100,2.252371311187744
Transformer,transformer-v2,train/loss,76200,2.329044818878174
Transformer,transformer-v2,train/loss,76300,2.3213353157043457
Transformer,transformer-v2,train/loss,76400,2.296020984649658
Transformer,transformer-v2,train/loss,76500,2.3068082332611084
Transformer,transformer-v2,train/loss,76600,2.334557056427002
Transformer,transformer-v2,train/loss,76700,2.249727964401245
Transformer,transformer-v2,train/loss,76800,2.319211006164551
Transformer,transformer-v2,train/loss,76900,2.3092575073242188
Transformer,transformer-v2,train/loss,77000,2.16939377784729
Transformer,transformer-v2,train/loss,77100,2.2126147747039795
Transformer,transformer-v2,train/loss,77200,2.3451216220855713
Transformer,transformer-v2,train/loss,77300,2.3598685264587402
Transformer,transformer-v2,train/loss,77400,2.238304376602173
Transformer,transformer-v2,train/loss,77500,2.232679843902588
Transformer,transformer-v2,train/loss,77600,2.2900376319885254
Transformer,transformer-v2,train/loss,77700,2.2401294708251953
Transformer,transformer-v2,train/loss,77800,2.2076849937438965
Transformer,transformer-v2,train/loss,77900,2.3139142990112305
Transformer,transformer-v2,train/loss,78000,2.1421399116516113
Transformer,transformer-v2,train/loss,78100,2.165750741958618
Transformer,transformer-v2,train/loss,78200,2.284421682357788
Transformer,transformer-v2,train/loss,78300,2.195155620574951
Transformer,transformer-v2,train/loss,78400,2.2583961486816406
Transformer,transformer-v2,train/loss,78500,2.139835834503174
Transformer,transformer-v2,train/loss,78600,2.2072603702545166
Transformer,transformer-v2,train/loss,78700,2.2311935424804688
Transformer,transformer-v2,train/loss,78800,2.147326707839966
Transformer,transformer-v2,train/loss,78900,2.299391508102417
Transformer,transformer-v2,train/loss,79000,2.225687026977539
Transformer,transformer-v2,train/loss,79100,2.202679395675659
Transformer,transformer-v2,train/loss,79200,2.1504454612731934
Transformer,transformer-v2,train/loss,79300,2.095872402191162
Transformer,transformer-v2,train/loss,79400,2.2083330154418945
Transformer,transformer-v2,train/loss,79500,2.1811094284057617
Transformer,transformer-v2,train/loss,79600,2.185943365097046
Transformer,transformer-v2,train/loss,79700,2.199093818664551
Transformer,transformer-v2,train/loss,79800,2.2080445289611816
Transformer,transformer-v2,train/loss,79900,2.1337056159973145
Transformer,transformer-v2,train/loss,80000,2.179166793823242
Transformer,transformer-v2,train/loss,80100,2.3121907711029053
Transformer,transformer-v2,train/loss,80200,2.195239782333374
Transformer,transformer-v2,train/loss,80300,2.2129368782043457
Transformer,transformer-v2,train/loss,80400,2.201037645339966
Transformer,transformer-v2,train/loss,80500,2.1149442195892334
Transformer,transformer-v2,train/loss,80600,2.1758549213409424
Transformer,transformer-v2,train/loss,80700,2.0958569049835205
Transformer,transformer-v2,train/loss,80800,2.1443614959716797
Transformer,transformer-v2,train/loss,80900,2.191643238067627
Transformer,transformer-v2,train/loss,81000,2.1668953895568848
Transformer,transformer-v2,train/loss,81100,2.146033763885498
Transformer,transformer-v2,train/loss,81200,2.2867321968078613
Transformer,transformer-v2,train/loss,81300,2.1874544620513916
Transformer,transformer-v2,train/loss,81400,2.220454692840576
Transformer,transformer-v2,train/loss,81500,2.16727352142334
Transformer,transformer-v2,train/loss,81600,2.2167017459869385
Transformer,transformer-v2,train/loss,81700,2.3318934440612793
Transformer,transformer-v2,train/loss,81800,2.040493965148926
Transformer,transformer-v2,train/loss,81900,2.2184271812438965
Transformer,transformer-v2,train/loss,82000,2.1141858100891113
Transformer,transformer-v2,train/loss,82100,2.167372226715088
Transformer,transformer-v2,train/loss,82200,2.1315627098083496
Transformer,transformer-v2,train/loss,82300,2.2181801795959473
Transformer,transformer-v2,train/loss,82400,2.152970314025879
Transformer,transformer-v2,train/loss,82500,2.1144349575042725
Transformer,transformer-v2,train/loss,82600,2.2405452728271484
Transformer,transformer-v2,train/loss,82700,2.171753406524658
Transformer,transformer-v2,train/loss,82800,2.1785993576049805
Transformer,transformer-v2,train/loss,82900,2.2693824768066406
Transformer,transformer-v2,train/loss,83000,2.114922046661377
Transformer,transformer-v2,train/loss,83100,2.1817731857299805
Transformer,transformer-v2,train/loss,83200,2.255451202392578
Transformer,transformer-v2,train/loss,83300,2.221085548400879
Transformer,transformer-v2,train/loss,83400,2.200491428375244
Transformer,transformer-v2,train/loss,83500,2.195629835128784
Transformer,transformer-v2,train/loss,83600,2.1168229579925537
Transformer,transformer-v2,train/loss,83700,2.1450886726379395
Transformer,transformer-v2,train/loss,83800,2.2072505950927734
Transformer,transformer-v2,train/loss,83900,2.215702533721924
Transformer,transformer-v2,train/loss,84000,2.160456657409668
Transformer,transformer-v2,train/loss,84100,2.235037326812744
Transformer,transformer-v2,train/loss,84200,2.143643617630005
Transformer,transformer-v2,train/loss,84300,2.200671672821045
Transformer,transformer-v2,train/loss,84400,2.141387462615967
Transformer,transformer-v2,train/loss,84500,2.1044113636016846
Transformer,transformer-v2,train/loss,84600,2.1288230419158936
Transformer,transformer-v2,train/loss,84700,2.2588934898376465
Transformer,transformer-v2,train/loss,84800,2.146879196166992
Transformer,transformer-v2,train/loss,84900,2.214223861694336
Transformer,transformer-v2,train/loss,85000,2.1824302673339844
Transformer,transformer-v2,train/loss,85100,2.1641807556152344
Transformer,transformer-v2,train/loss,85200,2.1636247634887695
Transformer,transformer-v2,train/loss,85300,2.2761037349700928
Transformer,transformer-v2,train/loss,85400,2.1801137924194336
Transformer,transformer-v2,train/loss,85500,2.213196039199829
Transformer,transformer-v2,train/loss,85600,2.140523672103882
Transformer,transformer-v2,train/loss,85700,2.3091659545898438
Transformer,transformer-v2,train/loss,85800,2.2347464561462402
Transformer,transformer-v2,train/loss,85900,2.1829209327697754
Transformer,transformer-v2,train/loss,86000,2.261277198791504
Transformer,transformer-v2,train/loss,86100,2.107647180557251
Transformer,transformer-v2,train/loss,86200,2.1443045139312744
Transformer,transformer-v2,train/loss,86300,2.3985097408294678
Transformer,transformer-v2,train/loss,86400,2.2185237407684326
Transformer,transformer-v2,train/loss,86500,2.1509368419647217
Transformer,transformer-v2,train/loss,86600,2.161128520965576
Transformer,transformer-v2,train/loss,86700,2.198551893234253
Transformer,transformer-v2,train/loss,86800,2.208049774169922
Transformer,transformer-v2,train/loss,86900,2.212883472442627
Transformer,transformer-v2,train/loss,87000,2.1734209060668945
Transformer,transformer-v2,train/loss,87100,2.174888849258423
Transformer,transformer-v2,train/loss,87200,2.1820926666259766
Transformer,transformer-v2,train/loss,87300,2.139998197555542
Transformer,transformer-v2,train/loss,87400,2.245347023010254
Transformer,transformer-v2,train/loss,87500,2.1935627460479736
Transformer,transformer-v2,train/loss,87600,2.142503261566162
Transformer,transformer-v2,train/loss,87700,2.1869027614593506
Transformer,transformer-v2,train/loss,87800,2.2964234352111816
Transformer,transformer-v2,train/loss,87900,2.159987449645996
Transformer,transformer-v2,train/loss,88000,2.1580448150634766
Transformer,transformer-v2,train/loss,88100,2.0985848903656006
Transformer,transformer-v2,train/loss,88200,2.0950441360473633
Transformer,transformer-v2,train/loss,88300,2.1849260330200195
Transformer,transformer-v2,train/loss,88400,2.2113759517669678
Transformer,transformer-v2,train/loss,88500,2.2012972831726074
Transformer,transformer-v2,train/loss,88600,2.208218574523926
Transformer,transformer-v2,train/loss,88700,2.198444128036499
Transformer,transformer-v2,train/loss,88800,2.2304961681365967
Transformer,transformer-v2,train/loss,88900,2.1888680458068848
Transformer,transformer-v2,train/loss,89000,2.2886412143707275
Transformer,transformer-v2,train/loss,89100,2.1981523036956787
Transformer,transformer-v2,train/loss,89200,2.207590341567993
Transformer,transformer-v2,train/loss,89300,2.2089011669158936
Transformer,transformer-v2,train/loss,89400,2.1087114810943604
Transformer,transformer-v2,train/loss,89500,2.144474506378174
Transformer,transformer-v2,train/loss,89600,2.2542319297790527
Transformer,transformer-v2,train/loss,89700,2.2097930908203125
Transformer,transformer-v2,train/loss,89800,2.2377424240112305
Transformer,transformer-v2,train/loss,89900,2.1458287239074707
Transformer,transformer-v2,train/loss,90000,2.2279539108276367
Transformer,transformer-v2,train/loss,90100,2.1313014030456543
Transformer,transformer-v2,train/loss,90200,2.1469814777374268
Transformer,transformer-v2,train/loss,90300,2.108577251434326
Transformer,transformer-v2,train/loss,90400,2.2098476886749268
Transformer,transformer-v2,train/loss,90500,2.15000581741333
Transformer,transformer-v2,train/loss,90600,2.198878765106201
Transformer,transformer-v2,train/loss,90700,2.1709160804748535
Transformer,transformer-v2,train/loss,90800,2.2319207191467285
Transformer,transformer-v2,train/loss,90900,2.2413735389709473
Transformer,transformer-v2,train/loss,91000,2.2050671577453613
Transformer,transformer-v2,train/loss,91100,2.4462332725524902
Transformer,transformer-v2,train/loss,91200,2.1875972747802734
Transformer,transformer-v2,train/loss,91300,2.291902542114258
Transformer,transformer-v2,train/loss,91400,2.3091845512390137
Transformer,transformer-v2,train/loss,91500,2.2561733722686768
Transformer,transformer-v2,train/loss,91600,2.1547369956970215
Transformer,transformer-v2,train/loss,91700,2.175966739654541
Transformer,transformer-v2,train/loss,91800,2.1635396480560303
Transformer,transformer-v2,train/loss,91900,2.079866886138916
Transformer,transformer-v2,train/loss,92000,2.226078510284424
Transformer,transformer-v2,train/loss,92100,2.1434710025787354
Transformer,transformer-v2,train/loss,92200,2.1673269271850586
Transformer,transformer-v2,train/loss,92300,2.1672563552856445
Transformer,transformer-v2,train/loss,92400,2.1709022521972656
Transformer,transformer-v2,train/loss,92500,2.158559560775757
Transformer,transformer-v2,train/loss,92600,2.12608003616333
Transformer,transformer-v2,train/loss,92700,2.111999988555908
Transformer,transformer-v2,train/loss,92800,2.221940517425537
Transformer,transformer-v2,train/loss,92900,2.2408463954925537
Transformer,transformer-v2,train/loss,93000,2.2152976989746094
Transformer,transformer-v2,train/loss,93100,2.491128921508789
Transformer,transformer-v2,train/loss,93200,2.26656174659729
Transformer,transformer-v2,train/loss,93300,2.1644625663757324
Transformer,transformer-v2,train/loss,93400,2.1198151111602783
Transformer,transformer-v2,train/loss,93500,2.1640539169311523
Transformer,transformer-v2,train/loss,93600,2.3013088703155518
Transformer,transformer-v2,train/loss,93700,2.1813197135925293
Transformer,transformer-v2,train/loss,93800,2.3187925815582275
Transformer,transformer-v2,train/loss,93900,2.183067560195923
Transformer,transformer-v2,train/loss,94000,2.200526475906372
Transformer,transformer-v2,train/loss,94100,2.103926181793213
Transformer,transformer-v2,train/loss,94200,2.2722015380859375
Transformer,transformer-v2,train/loss,94300,2.19553804397583
Transformer,transformer-v2,train/loss,94400,2.272160053253174
Transformer,transformer-v2,train/loss,94500,2.2313666343688965
Transformer,transformer-v2,train/loss,94600,2.1743621826171875
Transformer,transformer-v2,train/loss,94700,2.202171564102173
Transformer,transformer-v2,train/loss,94800,2.2382442951202393
Transformer,transformer-v2,train/loss,94900,2.286102056503296
Transformer,transformer-v2,train/loss,95000,2.2335598468780518
Transformer,transformer-v2,train/loss,95100,2.2014341354370117
Transformer,transformer-v2,train/loss,95200,2.1492443084716797
Transformer,transformer-v2,train/loss,95300,2.191462993621826
Transformer,transformer-v2,train/loss,95400,2.303781509399414
Transformer,transformer-v2,train/loss,95500,2.197652578353882
Transformer,transformer-v2,train/loss,95600,2.220388889312744
Transformer,transformer-v2,train/loss,95700,2.1530933380126953
Transformer,transformer-v2,train/loss,95800,2.2233333587646484
Transformer,transformer-v2,train/loss,95900,2.2254607677459717
Transformer,transformer-v2,train/loss,96000,2.273904800415039
Transformer,transformer-v2,train/loss,96100,2.170238494873047
Transformer,transformer-v2,train/loss,96200,2.2691476345062256
Transformer,transformer-v2,train/loss,96300,2.1609885692596436
Transformer,transformer-v2,train/loss,96400,2.3163387775421143
Transformer,transformer-v2,train/loss,96500,2.1381497383117676
Transformer,transformer-v2,train/loss,96600,2.16666579246521
Transformer,transformer-v2,train/loss,96700,2.17500638961792
Transformer,transformer-v2,train/loss,96800,2.2004549503326416
Transformer,transformer-v2,train/loss,96900,2.1780123710632324
Transformer,transformer-v2,train/loss,97000,2.1544911861419678
Transformer,transformer-v2,train/loss,97100,2.1441807746887207
Transformer,transformer-v2,train/loss,97200,2.11500883102417
Transformer,transformer-v2,train/loss,97300,2.1266250610351562
Transformer,transformer-v2,train/loss,97400,2.1302902698516846
Transformer,transformer-v2,train/loss,97500,2.1759800910949707
Transformer,transformer-v2,train/loss,97600,2.2186546325683594
Transformer,transformer-v2,train/loss,97700,2.252525806427002
Transformer,transformer-v2,train/loss,97800,2.1380503177642822
Transformer,transformer-v2,train/loss,97900,2.1047892570495605
Transformer,transformer-v2,train/loss,98000,2.136863946914673
Transformer,transformer-v2,train/loss,98100,2.1979594230651855
Transformer,transformer-v2,train/loss,98200,2.1037302017211914
Transformer,transformer-v2,train/loss,98300,2.2532334327697754
Transformer,transformer-v2,train/loss,98400,2.1054656505584717
Transformer,transformer-v2,train/loss,98500,2.1698718070983887
Transformer,transformer-v2,train/loss,98600,2.1483042240142822
Transformer,transformer-v2,train/loss,98700,2.0722427368164062
Transformer,transformer-v2,train/loss,98800,2.12697172164917
Transformer,transformer-v2,train/loss,98900,2.1541175842285156
Transformer,transformer-v2,train/loss,99000,2.1161298751831055
Transformer,transformer-v2,train/loss,99100,2.0473647117614746
Transformer,transformer-v2,train/loss,99200,2.098601818084717
Transformer,transformer-v2,train/loss,99300,2.180955410003662
Transformer,transformer-v2,train/loss,99400,2.142268419265747
Transformer,transformer-v2,train/loss,99500,2.136215925216675
Transformer,transformer-v2,train/loss,99600,2.104428768157959
Transformer,transformer-v2,train/loss,99700,2.1442761421203613
Transformer,transformer-v2,train/loss,99800,2.1506776809692383
Transformer,transformer-v2,train/loss,99900,2.077726364135742
Transformer,transformer-v2,train/loss,100000,2.077242851257324
Mamba encoder-decoder,mamba-hybrid-v3,train/loss,100,6.6071367263793945
Mamba encoder-decoder,mamba-hybrid-v3,train/loss,200,6.155553817749023
Mamba encoder-decoder,mamba-hybrid-v3,train/loss,300,5.925572872161865
Mamba encoder-decoder,mamba-hybrid-v3,train/loss,400,5.8237080574035645
Mamba encoder-decoder,mamba-hybrid-v3,train/loss,500,5.645042419433594
Mamba encoder-decoder,mamba-hybrid-v3,train/loss,600,5.697353363037109
Mamba encoder-decoder,mamba-hybrid-v3,train/loss,700,5.344025135040283
Mamba encoder-decoder,mamba-hybrid-v3,train/loss,800,5.2525763511657715
Mamba encoder-decoder,mamba-hybrid-v3,train/loss,900,5.384819030761719
Mamba encoder-decoder,mamba-hybrid-v3,train/loss,1000,5.032773971557617
Mamba encoder-decoder,mamba-hybrid-v3,train/loss,1100,5.078794956207275
Mamba encoder-decoder,mamba-hybrid-v3,train/loss,1200,4.934151649475098
Mamba encoder-decoder,mamba-hybrid-v3,train/loss,1300,4.945986747741699
Mamba encoder-decoder,mamba-hybrid-v3,train/loss,1400,4.867088317871094
Mamba encoder-decoder,mamba-hybrid-v3,train/loss,1500,4.667442798614502
Mamba encoder-decoder,mamba-hybrid-v3,train/loss,1600,4.9278974533081055
Mamba encoder-decoder,mamba-hybrid-v3,train/loss,1700,4.759114742279053
Mamba encoder-decoder,mamba-hybrid-v3,train/loss,1800,4.6016058921813965
Mamba encoder-decoder,mamba-hybrid-v3,train/loss,1900,4.3784074783325195
Mamba encoder-decoder,mamba-hybrid-v3,train/loss,2000,4.476123809814453
Mamba encoder-decoder,mamba-hybrid-v3,train/loss,2100,4.312827110290527
Mamba encoder-decoder,mamba-hybrid-v3,train/loss,2200,4.384439468383789
Mamba encoder-decoder,mamba-hybrid-v3,train/loss,2300,4.238658905029297
Mamba encoder-decoder,mamba-hybrid-v3,train/loss,2400,4.165966510772705
Mamba encoder-decoder,mamba-hybrid-v3,train/loss,2500,4.224743843078613
Mamba encoder-decoder,mamba-hybrid-v3,train/loss,2600,4.229682922363281
Mamba encoder-decoder,mamba-hybrid-v3,train/loss,2700,3.8662362098693848
Mamba encoder-decoder,mamba-hybrid-v3,train/loss,2800,4.003775596618652
Mamba encoder-decoder,mamba-hybrid-v3,train/loss,2900,3.8158535957336426
Mamba encoder-decoder,mamba-hybrid-v3,train/loss,3000,3.836031913757324
Mamba encoder-decoder,mamba-hybrid-v3,train/loss,3100,4.034686088562012
Mamba encoder-decoder,mamba-hybrid-v3,train/loss,3200,3.9895613193511963
Mamba encoder-decoder,mamba-hybrid-v3,train/loss,3300,3.970653533935547
Mamba encoder-decoder,mamba-hybrid-v3,train/loss,3400,3.838716506958008
Mamba encoder-decoder,mamba-hybrid-v3,train/loss,3500,4.261880874633789
Mamba encoder-decoder,mamba-hybrid-v3,train/loss,3600,3.7555160522460938
Mamba encoder-decoder,mamba-hybrid-v3,train/loss,3700,4.037206649780273
Mamba encoder-decoder,mamba-hybrid-v3,train/loss,3800,3.906553268432617
Mamba encoder-decoder,mamba-hybrid-v3,train/loss,3900,3.770840644836426
Mamba encoder-decoder,mamba-hybrid-v3,train/loss,4000,4.162829399108887
Mamba encoder-decoder,mamba-hybrid-v3,train/loss,4100,3.600252628326416
Mamba encoder-decoder,mamba-hybrid-v3,train/loss,4200,3.814948558807373
Mamba encoder-decoder,mamba-hybrid-v3,train/loss,4300,3.524326801300049
Mamba encoder-decoder,mamba-hybrid-v3,train/loss,4400,3.762294292449951
Mamba encoder-decoder,mamba-hybrid-v3,train/loss,4500,3.4842889308929443
Mamba encoder-decoder,mamba-hybrid-v3,train/loss,4600,3.824218511581421
Mamba encoder-decoder,mamba-hybrid-v3,train/loss,4700,3.7184300422668457
Mamba encoder-decoder,mamba-hybrid-v3,train/loss,4800,3.617370128631592
Mamba encoder-decoder,mamba-hybrid-v3,train/loss,4900,3.6374998092651367
Mamba encoder-decoder,mamba-hybrid-v3,train/loss,5000,3.436328887939453
Mamba encoder-decoder,mamba-hybrid-v3,train/loss,5100,3.488241672515869
Mamba encoder-decoder,mamba-hybrid-v3,train/loss,5200,3.437253952026367
Mamba encoder-decoder,mamba-hybrid-v3,train/loss,5300,3.474245548248291
Mamba encoder-decoder,mamba-hybrid-v3,train/loss,5400,3.4068081378936768
Mamba encoder-decoder,mamba-hybrid-v3,train/loss,5500,3.49332332611084
Mamba encoder-decoder,mamba-hybrid-v3,train/loss,5600,3.886265277862549
Mamba encoder-decoder,mamba-hybrid-v3,train/loss,5700,3.5851004123687744
Mamba encoder-decoder,mamba-hybrid-v3,train/loss,5800,3.7223782539367676
Mamba encoder-decoder,mamba-hybrid-v3,train/loss,5900,3.5413732528686523
Mamba encoder-decoder,mamba-hybrid-v3,train/loss,6000,3.443596839904785
Mamba encoder-decoder,mamba-hybrid-v3,train/loss,6100,3.5317180156707764
Mamba encoder-decoder,mamba-hybrid-v3,train/loss,6200,3.545255422592163
Mamba encoder-decoder,mamba-hybrid-v3,train/loss,6300,3.4826536178588867
Mamba encoder-decoder,mamba-hybrid-v3,train/loss,6400,3.5763916969299316
Mamba encoder-decoder,mamba-hybrid-v3,train/loss,6500,3.5146384239196777
Mamba encoder-decoder,mamba-hybrid-v3,train/loss,6600,3.462176561355591
Mamba encoder-decoder,mamba-hybrid-v3,train/loss,6700,3.4142301082611084
Mamba encoder-decoder,mamba-hybrid-v3,train/loss,6800,3.478989839553833
Mamba encoder-decoder,mamba-hybrid-v3,train/loss,6900,3.3266210556030273
Mamba encoder-decoder,mamba-hybrid-v3,train/loss,7000,3.3537888526916504
Mamba encoder-decoder,mamba-hybrid-v3,train/loss,7100,3.4210352897644043
Mamba encoder-decoder,mamba-hybrid-v3,train/loss,7200,3.425199508666992
Mamba encoder-decoder,mamba-hybrid-v3,train/loss,7300,3.362362861633301
Mamba encoder-decoder,mamba-hybrid-v3,train/loss,7400,3.317509174346924
Mamba encoder-decoder,mamba-hybrid-v3,train/loss,7500,3.3111257553100586
Mamba encoder-decoder,mamba-hybrid-v3,train/loss,7600,3.283222198486328
Mamba encoder-decoder,mamba-hybrid-v3,train/loss,7700,3.306633710861206
Mamba encoder-decoder,mamba-hybrid-v3,train/loss,7800,3.3334314823150635
Mamba encoder-decoder,mamba-hybrid-v3,train/loss,7900,3.2698793411254883
Mamba encoder-decoder,mamba-hybrid-v3,train/loss,8000,3.326570987701416
Mamba encoder-decoder,mamba-hybrid-v3,train/loss,8100,3.221653461456299
Mamba encoder-decoder,mamba-hybrid-v3,train/loss,8200,3.4323203563690186
Mamba encoder-decoder,mamba-hybrid-v3,train/loss,8300,3.3825483322143555
Mamba encoder-decoder,mamba-hybrid-v3,train/loss,8400,3.3711466789245605
Mamba encoder-decoder,mamba-hybrid-v3,train/loss,8500,3.3345787525177
Mamba encoder-decoder,mamba-hybrid-v3,train/loss,8600,3.35872745513916
Mamba encoder-decoder,mamba-hybrid-v3,train/loss,8700,3.286569595336914
Mamba encoder-decoder,mamba-hybrid-v3,train/loss,8800,3.540024757385254
Mamba encoder-decoder,mamba-hybrid-v3,train/loss,8900,3.510204792022705
Mamba encoder-decoder,mamba-hybrid-v3,train/loss,9000,3.327188014984131
Mamba encoder-decoder,mamba-hybrid-v3,train/loss,9100,3.2713534832000732
Mamba encoder-decoder,mamba-hybrid-v3,train/loss,9200,3.4291653633117676
Mamba encoder-decoder,mamba-hybrid-v3,train/loss,9300,3.3892712593078613
Mamba encoder-decoder,mamba-hybrid-v3,train/loss,9400,3.2617993354797363
Mamba encoder-decoder,mamba-hybrid-v3,train/loss,9500,3.426795482635498
Mamba encoder-decoder,mamba-hybrid-v3,train/loss,9600,3.285883903503418
Mamba encoder-decoder,mamba-hybrid-v3,train/loss,9700,3.2683777809143066
Mamba encoder-decoder,mamba-hybrid-v3,train/loss,9800,3.3376989364624023
Mamba encoder-decoder,mamba-hybrid-v3,train/loss,9900,3.1666646003723145
Mamba encoder-decoder,mamba-hybrid-v3,train/loss,10000,3.1140928268432617
Mamba encoder-decoder,mamba-hybrid-v3,train/loss,10100,3.2157607078552246
Mamba encoder-decoder,mamba-hybrid-v3,train/loss,10200,3.2675538063049316
Mamba encoder-decoder,mamba-hybrid-v3,train/loss,10300,3.313915252685547
Mamba encoder-decoder,mamba-hybrid-v3,train/loss,10400,3.3140318393707275
Mamba encoder-decoder,mamba-hybrid-v3,train/loss,10500,3.4774200916290283
Mamba encoder-decoder,mamba-hybrid-v3,train/loss,10600,3.406090259552002
Mamba encoder-decoder,mamba-hybrid-v3,train/loss,10700,3.2895660400390625
Mamba encoder-decoder,mamba-hybrid-v3,train/loss,10800,3.261787176132202
Mamba encoder-decoder,mamba-hybrid-v3,train/loss,10900,3.1088829040527344
Mamba encoder-decoder,mamba-hybrid-v3,train/loss,11000,3.217944622039795
Mamba encoder-decoder,mamba-hybrid-v3,train/loss,11100,3.225527763366699
Mamba encoder-decoder,mamba-hybrid-v3,train/loss,11200,3.2262120246887207
Mamba encoder-decoder,mamba-hybrid-v3,train/loss,11300,3.183506965637207
Mamba encoder-decoder,mamba-hybrid-v3,train/loss,11400,3.1780872344970703
Mamba encoder-decoder,mamba-hybrid-v3,train/loss,11500,3.1989498138427734
Mamba encoder-decoder,mamba-hybrid-v3,train/loss,11600,3.247910499572754
Mamba encoder-decoder,mamba-hybrid-v3,train/loss,11700,3.061227321624756
Mamba encoder-decoder,mamba-hybrid-v3,train/loss,11800,3.4003777503967285
Mamba encoder-decoder,mamba-hybrid-v3,train/loss,11900,3.103076696395874
Mamba encoder-decoder,mamba-hybrid-v3,train/loss,12000,3.2571487426757812
Mamba encoder-decoder,mamba-hybrid-v3,train/loss,12100,3.182990312576294
Mamba encoder-decoder,mamba-hybrid-v3,train/loss,12200,3.028390884399414
Mamba encoder-decoder,mamba-hybrid-v3,train/loss,12300,3.217580795288086
Mamba encoder-decoder,mamba-hybrid-v3,train/loss,12400,3.0236005783081055
Mamba encoder-decoder,mamba-hybrid-v3,train/loss,12500,3.146206855773926
Mamba encoder-decoder,mamba-hybrid-v3,train/loss,12600,3.093005657196045
Mamba encoder-decoder,mamba-hybrid-v3,train/loss,12700,3.048757553100586
Mamba encoder-decoder,mamba-hybrid-v3,train/loss,12800,3.1580896377563477
Mamba encoder-decoder,mamba-hybrid-v3,train/loss,12900,3.1226325035095215
Mamba encoder-decoder,mamba-hybrid-v3,train/loss,13000,3.1303911209106445
Mamba encoder-decoder,mamba-hybrid-v3,train/loss,13100,3.201632499694824
Mamba encoder-decoder,mamba-hybrid-v3,train/loss,13200,3.172058343887329
Mamba encoder-decoder,mamba-hybrid-v3,train/loss,13300,3.1905741691589355
Mamba encoder-decoder,mamba-hybrid-v3,train/loss,13400,3.157951831817627
Mamba encoder-decoder,mamba-hybrid-v3,train/loss,13500,3.01467227935791
Mamba encoder-decoder,mamba-hybrid-v3,train/loss,13600,3.1120104789733887
Mamba encoder-decoder,mamba-hybrid-v3,train/loss,13700,3.148271083831787
Mamba encoder-decoder,mamba-hybrid-v3,train/loss,13800,3.165017604827881
Mamba encoder-decoder,mamba-hybrid-v3,train/loss,13900,3.250276803970337
Mamba encoder-decoder,mamba-hybrid-v3,train/loss,14000,3.048938274383545
Mamba encoder-decoder,mamba-hybrid-v3,train/loss,14100,3.0012998580932617
Mamba encoder-decoder,mamba-hybrid-v3,train/loss,14200,3.100094795227051
Mamba encoder-decoder,mamba-hybrid-v3,train/loss,14300,3.159486770629883
Mamba encoder-decoder,mamba-hybrid-v3,train/loss,14400,2.9453625679016113
Mamba encoder-decoder,mamba-hybrid-v3,train/loss,14500,3.040445327758789
Mamba encoder-decoder,mamba-hybrid-v3,train/loss,14600,3.0835378170013428
Mamba encoder-decoder,mamba-hybrid-v3,train/loss,14700,3.026775360107422
Mamba encoder-decoder,mamba-hybrid-v3,train/loss,14800,3.0431292057037354
Mamba encoder-decoder,mamba-hybrid-v3,train/loss,14900,3.058896064758301
Mamba encoder-decoder,mamba-hybrid-v3,train/loss,15000,2.991307258605957
Mamba encoder-decoder,mamba-hybrid-v3,train/loss,15100,2.940861940383911
Mamba encoder-decoder,mamba-hybrid-v3,train/loss,15200,3.053530216217041
Mamba encoder-decoder,mamba-hybrid-v3,train/loss,15300,2.96368145942688
Mamba encoder-decoder,mamba-hybrid-v3,train/loss,15400,3.375739812850952
Mamba encoder-decoder,mamba-hybrid-v3,train/loss,15500,2.99708890914917
Mamba encoder-decoder,mamba-hybrid-v3,train/loss,15600,2.992233991622925
Mamba encoder-decoder,mamba-hybrid-v3,train/loss,15700,2.9771876335144043
Mamba encoder-decoder,mamba-hybrid-v3,train/loss,15800,2.9641830921173096
Mamba encoder-decoder,mamba-hybrid-v3,train/loss,15900,3.153334617614746
Mamba encoder-decoder,mamba-hybrid-v3,train/loss,16000,2.9351048469543457
Mamba encoder-decoder,mamba-hybrid-v3,train/loss,16100,3.0272367000579834
Mamba encoder-decoder,mamba-hybrid-v3,train/loss,16200,3.106703758239746
Mamba encoder-decoder,mamba-hybrid-v3,train/loss,16300,2.809943675994873
Mamba encoder-decoder,mamba-hybrid-v3,train/loss,16400,3.0422005653381348
Mamba encoder-decoder,mamba-hybrid-v3,train/loss,16500,3.078523635864258
Mamba encoder-decoder,mamba-hybrid-v3,train/loss,16600,3.078411817550659
Mamba encoder-decoder,mamba-hybrid-v3,train/loss,16700,2.920673131942749
Mamba encoder-decoder,mamba-hybrid-v3,train/loss,16800,2.9522461891174316
Mamba encoder-decoder,mamba-hybrid-v3,train/loss,16900,2.897977828979492
Mamba encoder-decoder,mamba-hybrid-v3,train/loss,17000,2.8934884071350098
Mamba encoder-decoder,mamba-hybrid-v3,train/loss,17100,2.91640567779541
Mamba encoder-decoder,mamba-hybrid-v3,train/loss,17200,2.7796125411987305
Mamba encoder-decoder,mamba-hybrid-v3,train/loss,17300,2.8551549911499023
Mamba encoder-decoder,mamba-hybrid-v3,train/loss,17400,2.8675191402435303
Mamba encoder-decoder,mamba-hybrid-v3,train/loss,17500,2.927219867706299
Mamba encoder-decoder,mamba-hybrid-v3,train/loss,17600,2.9890060424804688
Mamba encoder-decoder,mamba-hybrid-v3,train/loss,17700,2.8672919273376465
Mamba encoder-decoder,mamba-hybrid-v3,train/loss,17800,2.958892822265625
Mamba encoder-decoder,mamba-hybrid-v3,train/loss,17900,2.975666046142578
Mamba encoder-decoder,mamba-hybrid-v3,train/loss,18000,3.0227112770080566
Mamba encoder-decoder,mamba-hybrid-v3,train/loss,18100,2.83077335357666
Mamba encoder-decoder,mamba-hybrid-v3,train/loss,18200,2.9152002334594727
Mamba encoder-decoder,mamba-hybrid-v3,train/loss,18300,2.8827223777770996
Mamba encoder-decoder,mamba-hybrid-v3,train/loss,18400,3.0015645027160645
Mamba encoder-decoder,mamba-hybrid-v3,train/loss,18500,2.830280303955078
Mamba encoder-decoder,mamba-hybrid-v3,train/loss,18600,2.9001669883728027
Mamba encoder-decoder,mamba-hybrid-v3,train/loss,18700,2.759890556335449
Mamba encoder-decoder,mamba-hybrid-v3,train/loss,18800,2.8957810401916504
Mamba encoder-decoder,mamba-hybrid-v3,train/loss,18900,2.9816665649414062
Mamba encoder-decoder,mamba-hybrid-v3,train/loss,19000,2.777717113494873
Mamba encoder-decoder,mamba-hybrid-v3,train/loss,19100,2.972808361053467
Mamba encoder-decoder,mamba-hybrid-v3,train/loss,19200,2.9678516387939453
Mamba encoder-decoder,mamba-hybrid-v3,train/loss,19300,2.838024139404297
Mamba encoder-decoder,mamba-hybrid-v3,train/loss,19400,2.8956286907196045
Mamba encoder-decoder,mamba-hybrid-v3,train/loss,19500,2.7452445030212402
Mamba encoder-decoder,mamba-hybrid-v3,train/loss,19600,2.716212749481201
Mamba encoder-decoder,mamba-hybrid-v3,train/loss,19700,2.8544602394104004
Mamba encoder-decoder,mamba-hybrid-v3,train/loss,19800,2.8290963172912598
Mamba encoder-decoder,mamba-hybrid-v3,train/loss,19900,2.915447473526001
Mamba encoder-decoder,mamba-hybrid-v3,train/loss,20000,2.8339638710021973
Mamba encoder-decoder,mamba-hybrid-v3,train/loss,20100,2.716785430908203
Mamba encoder-decoder,mamba-hybrid-v3,train/loss,20200,2.7257213592529297
Mamba encoder-decoder,mamba-hybrid-v3,train/loss,20300,2.6731770038604736
Mamba encoder-decoder,mamba-hybrid-v3,train/loss,20400,2.807464599609375
Mamba encoder-decoder,mamba-hybrid-v3,train/loss,20500,2.927506923675537
Mamba encoder-decoder,mamba-hybrid-v3,train/loss,20600,2.8419156074523926
Mamba encoder-decoder,mamba-hybrid-v3,train/loss,20700,2.7695226669311523
Mamba encoder-decoder,mamba-hybrid-v3,train/loss,20800,3.010572910308838
Mamba encoder-decoder,mamba-hybrid-v3,train/loss,20900,2.7753119468688965
Mamba encoder-decoder,mamba-hybrid-v3,train/loss,21000,2.837197780609131
Mamba encoder-decoder,mamba-hybrid-v3,train/loss,21100,2.7861695289611816
Mamba encoder-decoder,mamba-hybrid-v3,train/loss,21200,2.7381906509399414
Mamba encoder-decoder,mamba-hybrid-v3,train/loss,21300,2.708562135696411
Mamba encoder-decoder,mamba-hybrid-v3,train/loss,21400,2.8813648223876953
Mamba encoder-decoder,mamba-hybrid-v3,train/loss,21500,2.7902636528015137
Mamba encoder-decoder,mamba-hybrid-v3,train/loss,21600,2.8733017444610596
Mamba encoder-decoder,mamba-hybrid-v3,train/loss,21700,2.665945529937744
Mamba encoder-decoder,mamba-hybrid-v3,train/loss,21800,2.77830171585083
Mamba encoder-decoder,mamba-hybrid-v3,train/loss,21900,2.863461494445801
Mamba encoder-decoder,mamba-hybrid-v3,train/loss,22000,2.908409833908081
Mamba encoder-decoder,mamba-hybrid-v3,train/loss,22100,2.6974844932556152
Mamba encoder-decoder,mamba-hybrid-v3,train/loss,22200,2.6407551765441895
Mamba encoder-decoder,mamba-hybrid-v3,train/loss,22300,2.7485239505767822
Mamba encoder-decoder,mamba-hybrid-v3,train/loss,22400,2.8118386268615723
Mamba encoder-decoder,mamba-hybrid-v3,train/loss,22500,2.7228941917419434
Mamba encoder-decoder,mamba-hybrid-v3,train/loss,22600,2.777080535888672
Mamba encoder-decoder,mamba-hybrid-v3,train/loss,22700,3.087362766265869
Mamba encoder-decoder,mamba-hybrid-v3,train/loss,22800,2.6308748722076416
Mamba encoder-decoder,mamba-hybrid-v3,train/loss,22900,2.88968563079834
Mamba encoder-decoder,mamba-hybrid-v3,train/loss,23000,2.875856399536133
Mamba encoder-decoder,mamba-hybrid-v3,train/loss,23100,2.8272275924682617
Mamba encoder-decoder,mamba-hybrid-v3,train/loss,23200,2.84656023979187
Mamba encoder-decoder,mamba-hybrid-v3,train/loss,23300,2.839442014694214
Mamba encoder-decoder,mamba-hybrid-v3,train/loss,23400,2.8275952339172363
Mamba encoder-decoder,mamba-hybrid-v3,train/loss,23500,2.9100441932678223
Mamba encoder-decoder,mamba-hybrid-v3,train/loss,23600,2.791947364807129
Mamba encoder-decoder,mamba-hybrid-v3,train/loss,23700,2.8989062309265137
Mamba encoder-decoder,mamba-hybrid-v3,train/loss,23800,2.9423232078552246
Mamba encoder-decoder,mamba-hybrid-v3,train/loss,23900,2.7277655601501465
Mamba encoder-decoder,mamba-hybrid-v3,train/loss,24000,2.707237720489502
Mamba encoder-decoder,mamba-hybrid-v3,train/loss,24100,2.8151662349700928
Mamba encoder-decoder,mamba-hybrid-v3,train/loss,24200,2.767212390899658
Mamba encoder-decoder,mamba-hybrid-v3,train/loss,24300,2.6072633266448975
Mamba encoder-decoder,mamba-hybrid-v3,train/loss,24400,2.663033962249756
Mamba encoder-decoder,mamba-hybrid-v3,train/loss,24500,2.8926544189453125
Mamba encoder-decoder,mamba-hybrid-v3,train/loss,24600,2.6255948543548584
Mamba encoder-decoder,mamba-hybrid-v3,train/loss,24700,2.670639991760254
Mamba encoder-decoder,mamba-hybrid-v3,train/loss,24800,2.693514823913574
Mamba encoder-decoder,mamba-hybrid-v3,train/loss,24900,2.8040599822998047
Mamba encoder-decoder,mamba-hybrid-v3,train/loss,25000,2.7551517486572266
Mamba encoder-decoder,mamba-hybrid-v3,train/loss,25100,2.632289171218872
Mamba encoder-decoder,mamba-hybrid-v3,train/loss,25200,3.0286853313446045
Mamba encoder-decoder,mamba-hybrid-v3,train/loss,25300,2.7238547801971436
Mamba encoder-decoder,mamba-hybrid-v3,train/loss,25400,2.8238561153411865
Mamba encoder-decoder,mamba-hybrid-v3,train/loss,25500,2.789182186126709
Mamba encoder-decoder,mamba-hybrid-v3,train/loss,25600,2.795328378677368
Mamba encoder-decoder,mamba-hybrid-v3,train/loss,25700,2.780233383178711
Mamba encoder-decoder,mamba-hybrid-v3,train/loss,25800,2.755098819732666
Mamba encoder-decoder,mamba-hybrid-v3,train/loss,25900,2.7791762351989746
Mamba encoder-decoder,mamba-hybrid-v3,train/loss,26000,2.673478603363037
Mamba encoder-decoder,mamba-hybrid-v3,train/loss,26100,2.7290117740631104
Mamba encoder-decoder,mamba-hybrid-v3,train/loss,26200,2.643129825592041
Mamba encoder-decoder,mamba-hybrid-v3,train/loss,26300,2.7734432220458984
Mamba encoder-decoder,mamba-hybrid-v3,train/loss,26400,2.6249923706054688
Mamba encoder-decoder,mamba-hybrid-v3,train/loss,26500,2.7703042030334473
Mamba encoder-decoder,mamba-hybrid-v3,train/loss,26600,2.770603656768799
Mamba encoder-decoder,mamba-hybrid-v3,train/loss,26700,2.7340965270996094
Mamba encoder-decoder,mamba-hybrid-v3,train/loss,26800,2.6933979988098145
Mamba encoder-decoder,mamba-hybrid-v3,train/loss,26900,2.7636799812316895
Mamba encoder-decoder,mamba-hybrid-v3,train/loss,27000,2.8186497688293457
Mamba encoder-decoder,mamba-hybrid-v3,train/loss,27100,2.7359113693237305
Mamba encoder-decoder,mamba-hybrid-v3,train/loss,27200,2.747985363006592
Mamba encoder-decoder,mamba-hybrid-v3,train/loss,27300,2.647348642349243
Mamba encoder-decoder,mamba-hybrid-v3,train/loss,27400,2.712796926498413
Mamba encoder-decoder,mamba-hybrid-v3,train/loss,27500,2.6807703971862793
Mamba encoder-decoder,mamba-hybrid-v3,train/loss,27600,2.6740474700927734
Mamba encoder-decoder,mamba-hybrid-v3,train/loss,27700,2.6680150032043457
Mamba encoder-decoder,mamba-hybrid-v3,train/loss,27800,2.608203411102295
Mamba encoder-decoder,mamba-hybrid-v3,train/loss,27900,2.6717026233673096
Mamba encoder-decoder,mamba-hybrid-v3,train/loss,28000,2.7352209091186523
Mamba encoder-decoder,mamba-hybrid-v3,train/loss,28100,2.7793455123901367
Mamba encoder-decoder,mamba-hybrid-v3,train/loss,28200,2.7298667430877686
Mamba encoder-decoder,mamba-hybrid-v3,train/loss,28300,2.6890344619750977
Mamba encoder-decoder,mamba-hybrid-v3,train/loss,28400,2.785970449447632
Mamba encoder-decoder,mamba-hybrid-v3,train/loss,28500,2.75423002243042
Mamba encoder-decoder,mamba-hybrid-v3,train/loss,28600,2.8755550384521484
Mamba encoder-decoder,mamba-hybrid-v3,train/loss,28700,2.6871395111083984
Mamba encoder-decoder,mamba-hybrid-v3,train/loss,28800,2.7872350215911865
Mamba encoder-decoder,mamba-hybrid-v3,train/loss,28900,2.8036327362060547
Mamba encoder-decoder,mamba-hybrid-v3,train/loss,29000,2.642521858215332
Mamba encoder-decoder,mamba-hybrid-v3,train/loss,29100,2.6903257369995117
Mamba encoder-decoder,mamba-hybrid-v3,train/loss,29200,2.7886345386505127
Mamba encoder-decoder,mamba-hybrid-v3,train/loss,29300,2.663278341293335
Mamba encoder-decoder,mamba-hybrid-v3,train/loss,29400,2.680468797683716
Mamba encoder-decoder,mamba-hybrid-v3,train/loss,29500,2.728965997695923
Mamba encoder-decoder,mamba-hybrid-v3,train/loss,29600,2.7596499919891357
Mamba encoder-decoder,mamba-hybrid-v3,train/loss,29700,2.6572792530059814
Mamba encoder-decoder,mamba-hybrid-v3,train/loss,29800,2.7492852210998535
Mamba encoder-decoder,mamba-hybrid-v3,train/loss,29900,2.667344093322754
Mamba encoder-decoder,mamba-hybrid-v3,train/loss,30000,2.70328950881958
Mamba encoder-decoder,mamba-hybrid-v3,train/loss,30100,2.8003673553466797
Mamba encoder-decoder,mamba-hybrid-v3,train/loss,30200,2.658872127532959
Mamba encoder-decoder,mamba-hybrid-v3,train/loss,30300,2.7242472171783447
Mamba encoder-decoder,mamba-hybrid-v3,train/loss,30400,2.757619857788086
Mamba encoder-decoder,mamba-hybrid-v3,train/loss,30500,2.694965362548828
Mamba encoder-decoder,mamba-hybrid-v3,train/loss,30600,2.6879868507385254
Mamba encoder-decoder,mamba-hybrid-v3,train/loss,30700,2.837726593017578
Mamba encoder-decoder,mamba-hybrid-v3,train/loss,30800,2.736630439758301
Mamba encoder-decoder,mamba-hybrid-v3,train/loss,30900,2.687403440475464
Mamba encoder-decoder,mamba-hybrid-v3,train/loss,31000,2.6573688983917236
Mamba encoder-decoder,mamba-hybrid-v3,train/loss,31100,2.710984706878662
Mamba encoder-decoder,mamba-hybrid-v3,train/loss,31200,2.5507359504699707
Mamba encoder-decoder,mamba-hybrid-v3,train/loss,31300,2.5715160369873047
Mamba encoder-decoder,mamba-hybrid-v3,train/loss,31400,2.9013192653656006
Mamba encoder-decoder,mamba-hybrid-v3,train/loss,31500,2.7155351638793945
Mamba encoder-decoder,mamba-hybrid-v3,train/loss,31600,2.686201572418213
Mamba encoder-decoder,mamba-hybrid-v3,train/loss,31700,2.661738872528076
Mamba encoder-decoder,mamba-hybrid-v3,train/loss,31800,2.564180612564087
Mamba encoder-decoder,mamba-hybrid-v3,train/loss,31900,2.900449514389038
Mamba encoder-decoder,mamba-hybrid-v3,train/loss,32000,2.6544246673583984
Mamba encoder-decoder,mamba-hybrid-v3,train/loss,32100,2.677487850189209
Mamba encoder-decoder,mamba-hybrid-v3,train/loss,32200,2.836111068725586
Mamba encoder-decoder,mamba-hybrid-v3,train/loss,32300,2.7062249183654785
Mamba encoder-decoder,mamba-hybrid-v3,train/loss,32400,2.67332124710083
Mamba encoder-decoder,mamba-hybrid-v3,train/loss,32500,2.592700958251953
Mamba encoder-decoder,mamba-hybrid-v3,train/loss,32600,2.72475528717041
Mamba encoder-decoder,mamba-hybrid-v3,train/loss,32700,2.652200698852539
Mamba encoder-decoder,mamba-hybrid-v3,train/loss,32800,2.736063003540039
Mamba encoder-decoder,mamba-hybrid-v3,train/loss,32900,2.682457447052002
Mamba encoder-decoder,mamba-hybrid-v3,train/loss,33000,3.021880626678467
Mamba encoder-decoder,mamba-hybrid-v3,train/loss,33100,2.788741111755371
Mamba encoder-decoder,mamba-hybrid-v3,train/loss,33200,2.7273473739624023
Mamba encoder-decoder,mamba-hybrid-v3,train/loss,33300,2.709195375442505
Mamba encoder-decoder,mamba-hybrid-v3,train/loss,33400,2.729905605316162
Mamba encoder-decoder,mamba-hybrid-v3,train/loss,33500,2.5108370780944824
Mamba encoder-decoder,mamba-hybrid-v3,train/loss,33600,2.691871166229248
Mamba encoder-decoder,mamba-hybrid-v3,train/loss,33700,2.7492151260375977
Mamba encoder-decoder,mamba-hybrid-v3,train/loss,33800,2.5562338829040527
Mamba encoder-decoder,mamba-hybrid-v3,train/loss,33900,2.653505325317383
Mamba encoder-decoder,mamba-hybrid-v3,train/loss,34000,2.9395651817321777
Mamba encoder-decoder,mamba-hybrid-v3,train/loss,34100,2.773282051086426
Mamba encoder-decoder,mamba-hybrid-v3,train/loss,34200,2.541289806365967
Mamba encoder-decoder,mamba-hybrid-v3,train/loss,34300,2.773052453994751
Mamba encoder-decoder,mamba-hybrid-v3,train/loss,34400,2.6471667289733887
Mamba encoder-decoder,mamba-hybrid-v3,train/loss,34500,2.6996779441833496
Mamba encoder-decoder,mamba-hybrid-v3,train/loss,34600,2.654240846633911
Mamba encoder-decoder,mamba-hybrid-v3,train/loss,34700,2.689271926879883
Mamba encoder-decoder,mamba-hybrid-v3,train/loss,34800,2.684522867202759
Mamba encoder-decoder,mamba-hybrid-v3,train/loss,34900,2.6930572986602783
Mamba encoder-decoder,mamba-hybrid-v3,train/loss,35000,3.0534167289733887
Mamba encoder-decoder,mamba-hybrid-v3,train/loss,35100,2.6661839485168457
Mamba encoder-decoder,mamba-hybrid-v3,train/loss,35200,2.5442380905151367
Mamba encoder-decoder,mamba-hybrid-v3,train/loss,35300,2.605189800262451
Mamba encoder-decoder,mamba-hybrid-v3,train/loss,35400,2.725966453552246
Mamba encoder-decoder,mamba-hybrid-v3,train/loss,35500,2.6096558570861816
Mamba encoder-decoder,mamba-hybrid-v3,train/loss,35600,2.5754706859588623
Mamba encoder-decoder,mamba-hybrid-v3,train/loss,35700,2.651921510696411
Mamba encoder-decoder,mamba-hybrid-v3,train/loss,35800,2.6358895301818848
Mamba encoder-decoder,mamba-hybrid-v3,train/loss,35900,2.7617387771606445
Mamba encoder-decoder,mamba-hybrid-v3,train/loss,36000,2.597054958343506
Mamba encoder-decoder,mamba-hybrid-v3,train/loss,36100,2.6389589309692383
Mamba encoder-decoder,mamba-hybrid-v3,train/loss,36200,2.6878066062927246
Mamba encoder-decoder,mamba-hybrid-v3,train/loss,36300,2.78790283203125
Mamba encoder-decoder,mamba-hybrid-v3,train/loss,36400,2.701066255569458
Mamba encoder-decoder,mamba-hybrid-v3,train/loss,36500,2.603749990463257
Mamba encoder-decoder,mamba-hybrid-v3,train/loss,36600,2.6637566089630127
Mamba encoder-decoder,mamba-hybrid-v3,train/loss,36700,2.651797294616699
Mamba encoder-decoder,mamba-hybrid-v3,train/loss,36800,2.5773348808288574
Mamba encoder-decoder,mamba-hybrid-v3,train/loss,36900,2.6947131156921387
Mamba encoder-decoder,mamba-hybrid-v3,train/loss,37000,2.6303367614746094
Mamba encoder-decoder,mamba-hybrid-v3,train/loss,37100,2.5778653621673584
Mamba encoder-decoder,mamba-hybrid-v3,train/loss,37200,2.5474789142608643
Mamba encoder-decoder,mamba-hybrid-v3,train/loss,37300,2.635321617126465
Mamba encoder-decoder,mamba-hybrid-v3,train/loss,37400,2.6215567588806152
Mamba encoder-decoder,mamba-hybrid-v3,train/loss,37500,2.715109348297119
Mamba encoder-decoder,mamba-hybrid-v3,train/loss,37600,2.8110592365264893
Mamba encoder-decoder,mamba-hybrid-v3,train/loss,37700,2.6019420623779297
Mamba encoder-decoder,mamba-hybrid-v3,train/loss,37800,2.730776071548462
Mamba encoder-decoder,mamba-hybrid-v3,train/loss,37900,2.6107490062713623
Mamba encoder-decoder,mamba-hybrid-v3,train/loss,38000,2.629007339477539
Mamba encoder-decoder,mamba-hybrid-v3,train/loss,38100,2.58659029006958
Mamba encoder-decoder,mamba-hybrid-v3,train/loss,38200,2.684657096862793
Mamba encoder-decoder,mamba-hybrid-v3,train/loss,38300,2.6425626277923584
Mamba encoder-decoder,mamba-hybrid-v3,train/loss,38400,2.672640323638916
Mamba encoder-decoder,mamba-hybrid-v3,train/loss,38500,2.538821220397949
Mamba encoder-decoder,mamba-hybrid-v3,train/loss,38600,2.678317070007324
Mamba encoder-decoder,mamba-hybrid-v3,train/loss,38700,2.7155117988586426
Mamba encoder-decoder,mamba-hybrid-v3,train/loss,38800,2.6654212474823
Mamba encoder-decoder,mamba-hybrid-v3,train/loss,38900,2.5806150436401367
Mamba encoder-decoder,mamba-hybrid-v3,train/loss,39000,2.493096113204956
Mamba encoder-decoder,mamba-hybrid-v3,train/loss,39100,2.6629576683044434
Mamba encoder-decoder,mamba-hybrid-v3,train/loss,39200,2.4445767402648926
Mamba encoder-decoder,mamba-hybrid-v3,train/loss,39300,2.4875125885009766
Mamba encoder-decoder,mamba-hybrid-v3,train/loss,39400,2.609966278076172
Mamba encoder-decoder,mamba-hybrid-v3,train/loss,39500,2.4504380226135254
Mamba encoder-decoder,mamba-hybrid-v3,train/loss,39600,2.478139877319336
Mamba encoder-decoder,mamba-hybrid-v3,train/loss,39700,2.590759754180908
Mamba encoder-decoder,mamba-hybrid-v3,train/loss,39800,2.587465524673462
Mamba encoder-decoder,mamba-hybrid-v3,train/loss,39900,2.5627903938293457
Mamba encoder-decoder,mamba-hybrid-v3,train/loss,40000,2.498263359069824
Mamba encoder-decoder,mamba-hybrid-v3,train/loss,40100,2.5390586853027344
Mamba encoder-decoder,mamba-hybrid-v3,train/loss,40200,2.5530316829681396
Mamba encoder-decoder,mamba-hybrid-v3,train/loss,40300,2.5585546493530273
Mamba encoder-decoder,mamba-hybrid-v3,train/loss,40400,2.55977725982666
Mamba encoder-decoder,mamba-hybrid-v3,train/loss,40500,2.5170397758483887
Mamba encoder-decoder,mamba-hybrid-v3,train/loss,40600,2.4844090938568115
Mamba encoder-decoder,mamba-hybrid-v3,train/loss,40700,2.638810157775879
Mamba encoder-decoder,mamba-hybrid-v3,train/loss,40800,2.4541430473327637
Mamba encoder-decoder,mamba-hybrid-v3,train/loss,40900,2.5529096126556396
Mamba encoder-decoder,mamba-hybrid-v3,train/loss,41000,2.6719467639923096
Mamba encoder-decoder,mamba-hybrid-v3,train/loss,41100,2.487744092941284
Mamba encoder-decoder,mamba-hybrid-v3,train/loss,41200,2.6860790252685547
Mamba encoder-decoder,mamba-hybrid-v3,train/loss,41300,2.4213318824768066
Mamba encoder-decoder,mamba-hybrid-v3,train/loss,41400,2.5788488388061523
Mamba encoder-decoder,mamba-hybrid-v3,train/loss,41500,2.560134172439575
Mamba encoder-decoder,mamba-hybrid-v3,train/loss,41600,2.4279260635375977
Mamba encoder-decoder,mamba-hybrid-v3,train/loss,41700,2.364896059036255
Mamba encoder-decoder,mamba-hybrid-v3,train/loss,41800,2.471194267272949
Mamba encoder-decoder,mamba-hybrid-v3,train/loss,41900,2.560612678527832
Mamba encoder-decoder,mamba-hybrid-v3,train/loss,42000,2.5779871940612793
Mamba encoder-decoder,mamba-hybrid-v3,train/loss,42100,2.6196789741516113
Mamba encoder-decoder,mamba-hybrid-v3,train/loss,42200,2.4688122272491455
Mamba encoder-decoder,mamba-hybrid-v3,train/loss,42300,2.481940269470215
Mamba encoder-decoder,mamba-hybrid-v3,train/loss,42400,2.6118245124816895
Mamba encoder-decoder,mamba-hybrid-v3,train/loss,42500,2.516164779663086
Mamba encoder-decoder,mamba-hybrid-v3,train/loss,42600,2.4633288383483887
Mamba encoder-decoder,mamba-hybrid-v3,train/loss,42700,2.6690149307250977
Mamba encoder-decoder,mamba-hybrid-v3,train/loss,42800,2.5954251289367676
Mamba encoder-decoder,mamba-hybrid-v3,train/loss,42900,2.466108798980713
Mamba encoder-decoder,mamba-hybrid-v3,train/loss,43000,2.5028276443481445
Mamba encoder-decoder,mamba-hybrid-v3,train/loss,43100,2.48991060256958
Mamba encoder-decoder,mamba-hybrid-v3,train/loss,43200,2.593301773071289
Mamba encoder-decoder,mamba-hybrid-v3,train/loss,43300,2.6115822792053223
Mamba encoder-decoder,mamba-hybrid-v3,train/loss,43400,2.55233097076416
Mamba encoder-decoder,mamba-hybrid-v3,train/loss,43500,2.597708225250244
Mamba encoder-decoder,mamba-hybrid-v3,train/loss,43600,2.5056886672973633
Mamba encoder-decoder,mamba-hybrid-v3,train/loss,43700,2.596179962158203
Mamba encoder-decoder,mamba-hybrid-v3,train/loss,43800,2.6612768173217773
Mamba encoder-decoder,mamba-hybrid-v3,train/loss,43900,2.4654924869537354
Mamba encoder-decoder,mamba-hybrid-v3,train/loss,44000,2.5853171348571777
Mamba encoder-decoder,mamba-hybrid-v3,train/loss,44100,2.541773557662964
Mamba encoder-decoder,mamba-hybrid-v3,train/loss,44200,2.4383597373962402
Mamba encoder-decoder,mamba-hybrid-v3,train/loss,44300,2.4607081413269043
Mamba encoder-decoder,mamba-hybrid-v3,train/loss,44400,2.4493064880371094
Mamba encoder-decoder,mamba-hybrid-v3,train/loss,44500,2.463604688644409
Mamba encoder-decoder,mamba-hybrid-v3,train/loss,44600,2.5131139755249023
Mamba encoder-decoder,mamba-hybrid-v3,train/loss,44700,2.5078835487365723
Mamba encoder-decoder,mamba-hybrid-v3,train/loss,44800,2.936336040496826
Mamba encoder-decoder,mamba-hybrid-v3,train/loss,44900,2.5724539756774902
Mamba encoder-decoder,mamba-hybrid-v3,train/loss,45000,2.587538242340088
Mamba encoder-decoder,mamba-hybrid-v3,train/loss,45100,2.5729565620422363
Mamba encoder-decoder,mamba-hybrid-v3,train/loss,45200,2.5404767990112305
Mamba encoder-decoder,mamba-hybrid-v3,train/loss,45300,2.596930980682373
Mamba encoder-decoder,mamba-hybrid-v3,train/loss,45400,2.4754951000213623
Mamba encoder-decoder,mamba-hybrid-v3,train/loss,45500,2.502061367034912
Mamba encoder-decoder,mamba-hybrid-v3,train/loss,45600,2.428156852722168
Mamba encoder-decoder,mamba-hybrid-v3,train/loss,45700,2.47800350189209
Mamba encoder-decoder,mamba-hybrid-v3,train/loss,45800,2.615478277206421
Mamba encoder-decoder,mamba-hybrid-v3,train/loss,45900,2.538168430328369
Mamba encoder-decoder,mamba-hybrid-v3,train/loss,46000,2.6120071411132812
Mamba encoder-decoder,mamba-hybrid-v3,train/loss,46100,2.5368337631225586
Mamba encoder-decoder,mamba-hybrid-v3,train/loss,46200,2.4541451930999756
Mamba encoder-decoder,mamba-hybrid-v3,train/loss,46300,2.438805103302002
Mamba encoder-decoder,mamba-hybrid-v3,train/loss,46400,2.5116782188415527
Mamba encoder-decoder,mamba-hybrid-v3,train/loss,46500,2.5080814361572266
Mamba encoder-decoder,mamba-hybrid-v3,train/loss,46600,2.5080623626708984
Mamba encoder-decoder,mamba-hybrid-v3,train/loss,46700,2.482354164123535
Mamba encoder-decoder,mamba-hybrid-v3,train/loss,46800,2.4752328395843506
Mamba encoder-decoder,mamba-hybrid-v3,train/loss,46900,2.556736707687378
Mamba encoder-decoder,mamba-hybrid-v3,train/loss,47000,2.4784817695617676
Mamba encoder-decoder,mamba-hybrid-v3,train/loss,47100,2.522675037384033
Mamba encoder-decoder,mamba-hybrid-v3,train/loss,47200,2.5546646118164062
Mamba encoder-decoder,mamba-hybrid-v3,train/loss,47300,2.5863423347473145
Mamba encoder-decoder,mamba-hybrid-v3,train/loss,47400,2.5790345668792725
Mamba encoder-decoder,mamba-hybrid-v3,train/loss,47500,2.497992992401123
Mamba encoder-decoder,mamba-hybrid-v3,train/loss,47600,2.4655404090881348
Mamba encoder-decoder,mamba-hybrid-v3,train/loss,47700,2.538811206817627
Mamba encoder-decoder,mamba-hybrid-v3,train/loss,47800,2.5625367164611816
Mamba encoder-decoder,mamba-hybrid-v3,train/loss,47900,2.546532154083252
Mamba encoder-decoder,mamba-hybrid-v3,train/loss,48000,2.4901511669158936
Mamba encoder-decoder,mamba-hybrid-v3,train/loss,48100,2.446892738342285
Mamba encoder-decoder,mamba-hybrid-v3,train/loss,48200,2.6726412773132324
Mamba encoder-decoder,mamba-hybrid-v3,train/loss,48300,2.509669780731201
Mamba encoder-decoder,mamba-hybrid-v3,train/loss,48400,2.6037471294403076
Mamba encoder-decoder,mamba-hybrid-v3,train/loss,48500,2.4501442909240723
Mamba encoder-decoder,mamba-hybrid-v3,train/loss,48600,2.5074031352996826
Mamba encoder-decoder,mamba-hybrid-v3,train/loss,48700,2.6279711723327637
Mamba encoder-decoder,mamba-hybrid-v3,train/loss,48800,2.499149799346924
Mamba encoder-decoder,mamba-hybrid-v3,train/loss,48900,2.622056484222412
Mamba encoder-decoder,mamba-hybrid-v3,train/loss,49000,2.5159807205200195
Mamba encoder-decoder,mamba-hybrid-v3,train/loss,49100,2.589663505554199
Mamba encoder-decoder,mamba-hybrid-v3,train/loss,49200,2.511232852935791
Mamba encoder-decoder,mamba-hybrid-v3,train/loss,49300,2.436159610748291
Mamba encoder-decoder,mamba-hybrid-v3,train/loss,49400,2.6009092330932617
Mamba encoder-decoder,mamba-hybrid-v3,train/loss,49500,2.8821794986724854
Mamba encoder-decoder,mamba-hybrid-v3,train/loss,49600,2.4757418632507324
Mamba encoder-decoder,mamba-hybrid-v3,train/loss,49700,2.5580742359161377
Mamba encoder-decoder,mamba-hybrid-v3,train/loss,49800,2.5054378509521484
Mamba encoder-decoder,mamba-hybrid-v3,train/loss,49900,2.5421528816223145
Mamba encoder-decoder,mamba-hybrid-v3,train/loss,50000,2.5444424152374268
Mamba encoder-decoder,mamba-hybrid-v3,train/loss,50100,2.5353188514709473
Mamba encoder-decoder,mamba-hybrid-v3,train/loss,50200,2.5842623710632324
Mamba encoder-decoder,mamba-hybrid-v3,train/loss,50300,2.5191001892089844
Mamba encoder-decoder,mamba-hybrid-v3,train/loss,50400,2.60347318649292
Mamba encoder-decoder,mamba-hybrid-v3,train/loss,50500,2.53753662109375
Mamba encoder-decoder,mamba-hybrid-v3,train/loss,50600,2.406388282775879
Mamba encoder-decoder,mamba-hybrid-v3,train/loss,50700,2.4838943481445312
Mamba encoder-decoder,mamba-hybrid-v3,train/loss,50800,2.608109951019287
Mamba encoder-decoder,mamba-hybrid-v3,train/loss,50900,2.4300522804260254
Mamba encoder-decoder,mamba-hybrid-v3,train/loss,51000,2.4687676429748535
Mamba encoder-decoder,mamba-hybrid-v3,train/loss,51100,2.3812408447265625
Mamba encoder-decoder,mamba-hybrid-v3,train/loss,51200,2.5709595680236816
Mamba encoder-decoder,mamba-hybrid-v3,train/loss,51300,2.4952585697174072
Mamba encoder-decoder,mamba-hybrid-v3,train/loss,51400,2.505031108856201
Mamba encoder-decoder,mamba-hybrid-v3,train/loss,51500,2.505899667739868
Mamba encoder-decoder,mamba-hybrid-v3,train/loss,51600,2.504034996032715
Mamba encoder-decoder,mamba-hybrid-v3,train/loss,51700,2.518205165863037
Mamba encoder-decoder,mamba-hybrid-v3,train/loss,51800,2.4253792762756348
Mamba encoder-decoder,mamba-hybrid-v3,train/loss,51900,2.499943256378174
Mamba encoder-decoder,mamba-hybrid-v3,train/loss,52000,2.744386672973633
Mamba encoder-decoder,mamba-hybrid-v3,train/loss,52100,2.4823391437530518
Mamba encoder-decoder,mamba-hybrid-v3,train/loss,52200,2.8289570808410645
Mamba encoder-decoder,mamba-hybrid-v3,train/loss,52300,2.2304649353027344
Mamba encoder-decoder,mamba-hybrid-v3,train/loss,52400,2.4433164596557617
Mamba encoder-decoder,mamba-hybrid-v3,train/loss,52500,2.5701560974121094
Mamba encoder-decoder,mamba-hybrid-v3,train/loss,52600,2.4568896293640137
Mamba encoder-decoder,mamba-hybrid-v3,train/loss,52700,2.4300360679626465
Mamba encoder-decoder,mamba-hybrid-v3,train/loss,52800,2.5454773902893066
Mamba encoder-decoder,mamba-hybrid-v3,train/loss,52900,2.4476051330566406
Mamba encoder-decoder,mamba-hybrid-v3,train/loss,53000,2.50475811958313
Mamba encoder-decoder,mamba-hybrid-v3,train/loss,53100,2.5324580669403076
Mamba encoder-decoder,mamba-hybrid-v3,train/loss,53200,2.432413339614868
Mamba encoder-decoder,mamba-hybrid-v3,train/loss,53300,2.436984062194824
Mamba encoder-decoder,mamba-hybrid-v3,train/loss,53400,2.5057051181793213
Mamba encoder-decoder,mamba-hybrid-v3,train/loss,53500,2.2967143058776855
Mamba encoder-decoder,mamba-hybrid-v3,train/loss,53600,2.545543909072876
Mamba encoder-decoder,mamba-hybrid-v3,train/loss,53700,2.497737169265747
Mamba encoder-decoder,mamba-hybrid-v3,train/loss,53800,2.4899091720581055
Mamba encoder-decoder,mamba-hybrid-v3,train/loss,53900,2.619429111480713
Mamba encoder-decoder,mamba-hybrid-v3,train/loss,54000,2.4722323417663574
Mamba encoder-decoder,mamba-hybrid-v3,train/loss,54100,2.417508602142334
Mamba encoder-decoder,mamba-hybrid-v3,train/loss,54200,2.444155216217041
Mamba encoder-decoder,mamba-hybrid-v3,train/loss,54300,2.5377066135406494
Mamba encoder-decoder,mamba-hybrid-v3,train/loss,54400,2.4643869400024414
Mamba encoder-decoder,mamba-hybrid-v3,train/loss,54500,2.472604274749756
Mamba encoder-decoder,mamba-hybrid-v3,train/loss,54600,2.4362730979919434
Mamba encoder-decoder,mamba-hybrid-v3,train/loss,54700,2.4234395027160645
Mamba encoder-decoder,mamba-hybrid-v3,train/loss,54800,2.5194692611694336
Mamba encoder-decoder,mamba-hybrid-v3,train/loss,54900,2.5478549003601074
Mamba encoder-decoder,mamba-hybrid-v3,train/loss,55000,2.598875045776367
Mamba encoder-decoder,mamba-hybrid-v3,train/loss,55100,2.658677816390991
Mamba encoder-decoder,mamba-hybrid-v3,train/loss,55200,2.4743754863739014
Mamba encoder-decoder,mamba-hybrid-v3,train/loss,55300,2.420422315597534
Mamba encoder-decoder,mamba-hybrid-v3,train/loss,55400,2.4307994842529297
Mamba encoder-decoder,mamba-hybrid-v3,train/loss,55500,2.398489475250244
Mamba encoder-decoder,mamba-hybrid-v3,train/loss,55600,2.5275001525878906
Mamba encoder-decoder,mamba-hybrid-v3,train/loss,55700,2.4868335723876953
Mamba encoder-decoder,mamba-hybrid-v3,train/loss,55800,2.4317049980163574
Mamba encoder-decoder,mamba-hybrid-v3,train/loss,55900,2.5326571464538574
Mamba encoder-decoder,mamba-hybrid-v3,train/loss,56000,2.3116602897644043
Mamba encoder-decoder,mamba-hybrid-v3,train/loss,56100,2.4810667037963867
Mamba encoder-decoder,mamba-hybrid-v3,train/loss,56200,2.489900588989258
Mamba encoder-decoder,mamba-hybrid-v3,train/loss,56300,2.4259164333343506
Mamba encoder-decoder,mamba-hybrid-v3,train/loss,56400,2.5342178344726562
Mamba encoder-decoder,mamba-hybrid-v3,train/loss,56500,2.53171968460083
Mamba encoder-decoder,mamba-hybrid-v3,train/loss,56600,2.412233829498291
Mamba encoder-decoder,mamba-hybrid-v3,train/loss,56700,2.456113815307617
Mamba encoder-decoder,mamba-hybrid-v3,train/loss,56800,2.4737823009490967
Mamba encoder-decoder,mamba-hybrid-v3,train/loss,56900,2.791995048522949
Mamba encoder-decoder,mamba-hybrid-v3,train/loss,57000,2.5035581588745117
Mamba encoder-decoder,mamba-hybrid-v3,train/loss,57100,2.4721360206604004
Mamba encoder-decoder,mamba-hybrid-v3,train/loss,57200,2.493884563446045
Mamba encoder-decoder,mamba-hybrid-v3,train/loss,57300,2.4486074447631836
Mamba encoder-decoder,mamba-hybrid-v3,train/loss,57400,2.4445600509643555
Mamba encoder-decoder,mamba-hybrid-v3,train/loss,57500,2.4235310554504395
Mamba encoder-decoder,mamba-hybrid-v3,train/loss,57600,2.3914449214935303
Mamba encoder-decoder,mamba-hybrid-v3,train/loss,57700,2.486459732055664
Mamba encoder-decoder,mamba-hybrid-v3,train/loss,57800,2.3543360233306885
Mamba encoder-decoder,mamba-hybrid-v3,train/loss,57900,2.598705291748047
Mamba encoder-decoder,mamba-hybrid-v3,train/loss,58000,2.527127265930176
Mamba encoder-decoder,mamba-hybrid-v3,train/loss,58100,2.553450584411621
Mamba encoder-decoder,mamba-hybrid-v3,train/loss,58200,2.577106237411499
Mamba encoder-decoder,mamba-hybrid-v3,train/loss,58300,2.5729522705078125
Mamba encoder-decoder,mamba-hybrid-v3,train/loss,58400,2.5006659030914307
Mamba encoder-decoder,mamba-hybrid-v3,train/loss,58500,2.3303701877593994
Mamba encoder-decoder,mamba-hybrid-v3,train/loss,58600,2.3373866081237793
Mamba encoder-decoder,mamba-hybrid-v3,train/loss,58700,2.32863712310791
Mamba encoder-decoder,mamba-hybrid-v3,train/loss,58800,2.382601737976074
Mamba encoder-decoder,mamba-hybrid-v3,train/loss,58900,2.4392971992492676
Mamba encoder-decoder,mamba-hybrid-v3,train/loss,59000,2.3601632118225098
Mamba encoder-decoder,mamba-hybrid-v3,train/loss,59100,2.281315803527832
Mamba encoder-decoder,mamba-hybrid-v3,train/loss,59200,2.403210163116455
Mamba encoder-decoder,mamba-hybrid-v3,train/loss,59300,2.382533550262451
Mamba encoder-decoder,mamba-hybrid-v3,train/loss,59400,2.323516368865967
Mamba encoder-decoder,mamba-hybrid-v3,train/loss,59500,2.442411184310913
Mamba encoder-decoder,mamba-hybrid-v3,train/loss,59600,2.384192943572998
Mamba encoder-decoder,mamba-hybrid-v3,train/loss,59700,2.3739829063415527
Mamba encoder-decoder,mamba-hybrid-v3,train/loss,59800,2.357144832611084
Mamba encoder-decoder,mamba-hybrid-v3,train/loss,59900,2.454026222229004
Mamba encoder-decoder,mamba-hybrid-v3,train/loss,60000,2.37687611579895
Mamba encoder-decoder,mamba-hybrid-v3,train/loss,60100,2.401787757873535
Mamba encoder-decoder,mamba-hybrid-v3,train/loss,60200,2.40555739402771
Mamba encoder-decoder,mamba-hybrid-v3,train/loss,60300,2.3682165145874023
Mamba encoder-decoder,mamba-hybrid-v3,train/loss,60400,2.3633852005004883
Mamba encoder-decoder,mamba-hybrid-v3,train/loss,60500,2.4181041717529297
Mamba encoder-decoder,mamba-hybrid-v3,train/loss,60600,2.63419508934021
Mamba encoder-decoder,mamba-hybrid-v3,train/loss,60700,2.4054112434387207
Mamba encoder-decoder,mamba-hybrid-v3,train/loss,60800,2.3366546630859375
Mamba encoder-decoder,mamba-hybrid-v3,train/loss,60900,2.3514623641967773
Mamba encoder-decoder,mamba-hybrid-v3,train/loss,61000,2.2940170764923096
Mamba encoder-decoder,mamba-hybrid-v3,train/loss,61100,2.3748908042907715
Mamba encoder-decoder,mamba-hybrid-v3,train/loss,61200,2.3415589332580566
Mamba encoder-decoder,mamba-hybrid-v3,train/loss,61300,2.4161388874053955
Mamba encoder-decoder,mamba-hybrid-v3,train/loss,61400,2.249253273010254
Mamba encoder-decoder,mamba-hybrid-v3,train/loss,61500,2.4359564781188965
Mamba encoder-decoder,mamba-hybrid-v3,train/loss,61600,2.3435873985290527
Mamba encoder-decoder,mamba-hybrid-v3,train/loss,61700,2.369772434234619
Mamba encoder-decoder,mamba-hybrid-v3,train/loss,61800,2.35311222076416
Mamba encoder-decoder,mamba-hybrid-v3,train/loss,61900,2.3093318939208984
Mamba encoder-decoder,mamba-hybrid-v3,train/loss,62000,2.4334304332733154
Mamba encoder-decoder,mamba-hybrid-v3,train/loss,62100,2.3916921615600586
Mamba encoder-decoder,mamba-hybrid-v3,train/loss,62200,2.3587145805358887
Mamba encoder-decoder,mamba-hybrid-v3,train/loss,62300,2.4211997985839844
Mamba encoder-decoder,mamba-hybrid-v3,train/loss,62400,2.3470845222473145
Mamba encoder-decoder,mamba-hybrid-v3,train/loss,62500,2.282421350479126
Mamba encoder-decoder,mamba-hybrid-v3,train/loss,62600,2.358128070831299
Mamba encoder-decoder,mamba-hybrid-v3,train/loss,62700,2.3150055408477783
Mamba encoder-decoder,mamba-hybrid-v3,train/loss,62800,2.509593963623047
Mamba encoder-decoder,mamba-hybrid-v3,train/loss,62900,2.4374589920043945
Mamba encoder-decoder,mamba-hybrid-v3,train/loss,63000,2.366379499435425
Mamba encoder-decoder,mamba-hybrid-v3,train/loss,63100,2.304654598236084
Mamba encoder-decoder,mamba-hybrid-v3,train/loss,63200,2.571929454803467
Mamba encoder-decoder,mamba-hybrid-v3,train/loss,63300,2.3651185035705566
Mamba encoder-decoder,mamba-hybrid-v3,train/loss,63400,2.440570116043091
Mamba encoder-decoder,mamba-hybrid-v3,train/loss,63500,2.320192813873291
Mamba encoder-decoder,mamba-hybrid-v3,train/loss,63600,2.342367649078369
Mamba encoder-decoder,mamba-hybrid-v3,train/loss,63700,2.4278883934020996
Mamba encoder-decoder,mamba-hybrid-v3,train/loss,63800,2.287416934967041
Mamba encoder-decoder,mamba-hybrid-v3,train/loss,63900,2.365550994873047
Mamba encoder-decoder,mamba-hybrid-v3,train/loss,64000,2.2794911861419678
Mamba encoder-decoder,mamba-hybrid-v3,train/loss,64100,2.387402057647705
Mamba encoder-decoder,mamba-hybrid-v3,train/loss,64200,2.317884922027588
Mamba encoder-decoder,mamba-hybrid-v3,train/loss,64300,2.3188977241516113
Mamba encoder-decoder,mamba-hybrid-v3,train/loss,64400,2.34218692779541
Mamba encoder-decoder,mamba-hybrid-v3,train/loss,64500,2.314648151397705
Mamba encoder-decoder,mamba-hybrid-v3,train/loss,64600,2.5162758827209473
Mamba encoder-decoder,mamba-hybrid-v3,train/loss,64700,2.2400262355804443
Mamba encoder-decoder,mamba-hybrid-v3,train/loss,64800,2.4984018802642822
Mamba encoder-decoder,mamba-hybrid-v3,train/loss,64900,2.508070468902588
Mamba encoder-decoder,mamba-hybrid-v3,train/loss,65000,2.3625669479370117
Mamba encoder-decoder,mamba-hybrid-v3,train/loss,65100,2.4575116634368896
Mamba encoder-decoder,mamba-hybrid-v3,train/loss,65200,2.3572990894317627
Mamba encoder-decoder,mamba-hybrid-v3,train/loss,65300,2.3861536979675293
Mamba encoder-decoder,mamba-hybrid-v3,train/loss,65400,2.465639591217041
Mamba encoder-decoder,mamba-hybrid-v3,train/loss,65500,2.3803093433380127
Mamba encoder-decoder,mamba-hybrid-v3,train/loss,65600,2.3360421657562256
Mamba encoder-decoder,mamba-hybrid-v3,train/loss,65700,2.3633620738983154
Mamba encoder-decoder,mamba-hybrid-v3,train/loss,65800,2.3556923866271973
Mamba encoder-decoder,mamba-hybrid-v3,train/loss,65900,2.3552184104919434
Mamba encoder-decoder,mamba-hybrid-v3,train/loss,66000,2.393678665161133
Mamba encoder-decoder,mamba-hybrid-v3,train/loss,66100,2.3172268867492676
Mamba encoder-decoder,mamba-hybrid-v3,train/loss,66200,2.4925198554992676
Mamba encoder-decoder,mamba-hybrid-v3,train/loss,66300,2.4544060230255127
Mamba encoder-decoder,mamba-hybrid-v3,train/loss,66400,2.3903634548187256
Mamba encoder-decoder,mamba-hybrid-v3,train/loss,66500,2.2989695072174072
Mamba encoder-decoder,mamba-hybrid-v3,train/loss,66600,2.397897720336914
Mamba encoder-decoder,mamba-hybrid-v3,train/loss,66700,2.3533711433410645
Mamba encoder-decoder,mamba-hybrid-v3,train/loss,66800,2.3829336166381836
Mamba encoder-decoder,mamba-hybrid-v3,train/loss,66900,2.2638802528381348
Mamba encoder-decoder,mamba-hybrid-v3,train/loss,67000,2.5174002647399902
Mamba encoder-decoder,mamba-hybrid-v3,train/loss,67100,2.4564738273620605
Mamba encoder-decoder,mamba-hybrid-v3,train/loss,67200,2.4164669513702393
Mamba encoder-decoder,mamba-hybrid-v3,train/loss,67300,2.413909435272217
Mamba encoder-decoder,mamba-hybrid-v3,train/loss,67400,2.3969218730926514
Mamba encoder-decoder,mamba-hybrid-v3,train/loss,67500,2.22517466545105
Mamba encoder-decoder,mamba-hybrid-v3,train/loss,67600,2.4299190044403076
Mamba encoder-decoder,mamba-hybrid-v3,train/loss,67700,2.3269190788269043
Mamba encoder-decoder,mamba-hybrid-v3,train/loss,67800,2.2657322883605957
Mamba encoder-decoder,mamba-hybrid-v3,train/loss,67900,2.2607240676879883
Mamba encoder-decoder,mamba-hybrid-v3,train/loss,68000,2.3052122592926025
Mamba encoder-decoder,mamba-hybrid-v3,train/loss,68100,2.2988603115081787
Mamba encoder-decoder,mamba-hybrid-v3,train/loss,68200,2.3185062408447266
Mamba encoder-decoder,mamba-hybrid-v3,train/loss,68300,2.2025976181030273
Mamba encoder-decoder,mamba-hybrid-v3,train/loss,68400,2.3567397594451904
Mamba encoder-decoder,mamba-hybrid-v3,train/loss,68500,2.351257801055908
Mamba encoder-decoder,mamba-hybrid-v3,train/loss,68600,2.2509803771972656
Mamba encoder-decoder,mamba-hybrid-v3,train/loss,68700,2.305911064147949
Mamba encoder-decoder,mamba-hybrid-v3,train/loss,68800,2.2789041996002197
Mamba encoder-decoder,mamba-hybrid-v3,train/loss,68900,2.342510461807251
Mamba encoder-decoder,mamba-hybrid-v3,train/loss,69000,2.4944863319396973
Mamba encoder-decoder,mamba-hybrid-v3,train/loss,69100,2.3264341354370117
Mamba encoder-decoder,mamba-hybrid-v3,train/loss,69200,2.28346586227417
Mamba encoder-decoder,mamba-hybrid-v3,train/loss,69300,2.2937557697296143
Mamba encoder-decoder,mamba-hybrid-v3,train/loss,69400,2.3283185958862305
Mamba encoder-decoder,mamba-hybrid-v3,train/loss,69500,2.288861036300659
Mamba encoder-decoder,mamba-hybrid-v3,train/loss,69600,2.321343183517456
Mamba encoder-decoder,mamba-hybrid-v3,train/loss,69700,2.31355619430542
Mamba encoder-decoder,mamba-hybrid-v3,train/loss,69800,2.3098397254943848
Mamba encoder-decoder,mamba-hybrid-v3,train/loss,69900,2.2472660541534424
Mamba encoder-decoder,mamba-hybrid-v3,train/loss,70000,2.3171448707580566
Mamba encoder-decoder,mamba-hybrid-v3,train/loss,70100,2.381877899169922
Mamba encoder-decoder,mamba-hybrid-v3,train/loss,70200,2.2974929809570312
Mamba encoder-decoder,mamba-hybrid-v3,train/loss,70300,2.3993420600891113
Mamba encoder-decoder,mamba-hybrid-v3,train/loss,70400,2.377027988433838
Mamba encoder-decoder,mamba-hybrid-v3,train/loss,70500,2.468271017074585
Mamba encoder-decoder,mamba-hybrid-v3,train/loss,70600,2.264780044555664
Mamba encoder-decoder,mamba-hybrid-v3,train/loss,70700,2.279728889465332
Mamba encoder-decoder,mamba-hybrid-v3,train/loss,70800,2.419408082962036
Mamba encoder-decoder,mamba-hybrid-v3,train/loss,70900,2.3876099586486816
Mamba encoder-decoder,mamba-hybrid-v3,train/loss,71000,2.3897757530212402
Mamba encoder-decoder,mamba-hybrid-v3,train/loss,71100,2.3347344398498535
Mamba encoder-decoder,mamba-hybrid-v3,train/loss,71200,2.2889928817749023
Mamba encoder-decoder,mamba-hybrid-v3,train/loss,71300,2.3655643463134766
Mamba encoder-decoder,mamba-hybrid-v3,train/loss,71400,2.588628053665161
Mamba encoder-decoder,mamba-hybrid-v3,train/loss,71500,2.421659469604492
Mamba encoder-decoder,mamba-hybrid-v3,train/loss,71600,2.5112338066101074
Mamba encoder-decoder,mamba-hybrid-v3,train/loss,71700,2.3977301120758057
Mamba encoder-decoder,mamba-hybrid-v3,train/loss,71800,2.3643269538879395
Mamba encoder-decoder,mamba-hybrid-v3,train/loss,71900,2.388369560241699
Mamba encoder-decoder,mamba-hybrid-v3,train/loss,72000,2.368534564971924
Mamba encoder-decoder,mamba-hybrid-v3,train/loss,72100,2.1688497066497803
Mamba encoder-decoder,mamba-hybrid-v3,train/loss,72200,2.3526673316955566
Mamba encoder-decoder,mamba-hybrid-v3,train/loss,72300,2.3469200134277344
Mamba encoder-decoder,mamba-hybrid-v3,train/loss,72400,2.807372570037842
Mamba encoder-decoder,mamba-hybrid-v3,train/loss,72500,2.281184673309326
Mamba encoder-decoder,mamba-hybrid-v3,train/loss,72600,2.3297150135040283
Mamba encoder-decoder,mamba-hybrid-v3,train/loss,72700,2.2446436882019043
Mamba encoder-decoder,mamba-hybrid-v3,train/loss,72800,2.2829697132110596
Mamba encoder-decoder,mamba-hybrid-v3,train/loss,72900,2.251415252685547
Mamba encoder-decoder,mamba-hybrid-v3,train/loss,73000,2.3843846321105957
Mamba encoder-decoder,mamba-hybrid-v3,train/loss,73100,2.397796630859375
Mamba encoder-decoder,mamba-hybrid-v3,train/loss,73200,2.3072023391723633
Mamba encoder-decoder,mamba-hybrid-v3,train/loss,73300,2.3353400230407715
Mamba encoder-decoder,mamba-hybrid-v3,train/loss,73400,2.405252456665039
Mamba encoder-decoder,mamba-hybrid-v3,train/loss,73500,2.2516210079193115
Mamba encoder-decoder,mamba-hybrid-v3,train/loss,73600,2.379971504211426
Mamba encoder-decoder,mamba-hybrid-v3,train/loss,73700,2.3697400093078613
Mamba encoder-decoder,mamba-hybrid-v3,train/loss,73800,2.3008129596710205
Mamba encoder-decoder,mamba-hybrid-v3,train/loss,73900,2.560755729675293
Mamba encoder-decoder,mamba-hybrid-v3,train/loss,74000,2.3542702198028564
Mamba encoder-decoder,mamba-hybrid-v3,train/loss,74100,2.4586050510406494
Mamba encoder-decoder,mamba-hybrid-v3,train/loss,74200,2.2099545001983643
Mamba encoder-decoder,mamba-hybrid-v3,train/loss,74300,2.348060131072998
Mamba encoder-decoder,mamba-hybrid-v3,train/loss,74400,2.308198928833008
Mamba encoder-decoder,mamba-hybrid-v3,train/loss,74500,2.409039258956909
Mamba encoder-decoder,mamba-hybrid-v3,train/loss,74600,2.422088623046875
Mamba encoder-decoder,mamba-hybrid-v3,train/loss,74700,2.2510921955108643
Mamba encoder-decoder,mamba-hybrid-v3,train/loss,74800,2.3134024143218994
Mamba encoder-decoder,mamba-hybrid-v3,train/loss,74900,2.40565824508667
Mamba encoder-decoder,mamba-hybrid-v3,train/loss,75000,2.4609830379486084
Mamba encoder-decoder,mamba-hybrid-v3,train/loss,75100,2.4862570762634277
Mamba encoder-decoder,mamba-hybrid-v3,train/loss,75200,2.3754048347473145
Mamba encoder-decoder,mamba-hybrid-v3,train/loss,75300,2.4413461685180664
Mamba encoder-decoder,mamba-hybrid-v3,train/loss,75400,2.5730223655700684
Mamba encoder-decoder,mamba-hybrid-v3,train/loss,75500,2.305102825164795
Mamba encoder-decoder,mamba-hybrid-v3,train/loss,75600,2.405359983444214
Mamba encoder-decoder,mamba-hybrid-v3,train/loss,75700,2.33766770362854
Mamba encoder-decoder,mamba-hybrid-v3,train/loss,75800,2.3424038887023926
Mamba encoder-decoder,mamba-hybrid-v3,train/loss,75900,2.3545234203338623
Mamba encoder-decoder,mamba-hybrid-v3,train/loss,76000,2.323941707611084
Mamba encoder-decoder,mamba-hybrid-v3,train/loss,76100,2.3359551429748535
Mamba encoder-decoder,mamba-hybrid-v3,train/loss,76200,2.494499683380127
Mamba encoder-decoder,mamba-hybrid-v3,train/loss,76300,2.508627414703369
Mamba encoder-decoder,mamba-hybrid-v3,train/loss,76400,2.363644599914551
Mamba encoder-decoder,mamba-hybrid-v3,train/loss,76500,2.389613151550293
Mamba encoder-decoder,mamba-hybrid-v3,train/loss,76600,2.4416556358337402
Mamba encoder-decoder,mamba-hybrid-v3,train/loss,76700,2.460967779159546
Mamba encoder-decoder,mamba-hybrid-v3,train/loss,76800,2.31433367729187
Mamba encoder-decoder,mamba-hybrid-v3,train/loss,76900,2.440369129180908
Mamba encoder-decoder,mamba-hybrid-v3,train/loss,77000,2.350616931915283
Mamba encoder-decoder,mamba-hybrid-v3,train/loss,77100,2.4414877891540527
Mamba encoder-decoder,mamba-hybrid-v3,train/loss,77200,2.3617868423461914
Mamba encoder-decoder,mamba-hybrid-v3,train/loss,77300,2.3025131225585938
Mamba encoder-decoder,mamba-hybrid-v3,train/loss,77400,2.3630685806274414
Mamba encoder-decoder,mamba-hybrid-v3,train/loss,77500,2.3233275413513184
Mamba encoder-decoder,mamba-hybrid-v3,train/loss,77600,2.392282009124756
Mamba encoder-decoder,mamba-hybrid-v3,train/loss,77700,2.3943724632263184
Mamba encoder-decoder,mamba-hybrid-v3,train/loss,77800,2.339303970336914
Mamba encoder-decoder,mamba-hybrid-v3,train/loss,77900,2.282855272293091
Mamba encoder-decoder,mamba-hybrid-v3,train/loss,78000,2.238919734954834
Mamba encoder-decoder,mamba-hybrid-v3,train/loss,78100,2.147188663482666
Mamba encoder-decoder,mamba-hybrid-v3,train/loss,78200,2.2241063117980957
Mamba encoder-decoder,mamba-hybrid-v3,train/loss,78300,2.2880609035491943
Mamba encoder-decoder,mamba-hybrid-v3,train/loss,78400,2.168775796890259
Mamba encoder-decoder,mamba-hybrid-v3,train/loss,78500,2.26062273979187
Mamba encoder-decoder,mamba-hybrid-v3,train/loss,78600,2.298623561859131
Mamba encoder-decoder,mamba-hybrid-v3,train/loss,78700,2.1198036670684814
Mamba encoder-decoder,mamba-hybrid-v3,train/loss,78800,2.255984306335449
Mamba encoder-decoder,mamba-hybrid-v3,train/loss,78900,2.2802138328552246
Mamba encoder-decoder,mamba-hybrid-v3,train/loss,79000,2.321138858795166
Mamba encoder-decoder,mamba-hybrid-v3,train/loss,79100,2.279294729232788
Mamba encoder-decoder,mamba-hybrid-v3,train/loss,79200,2.278097152709961
Mamba encoder-decoder,mamba-hybrid-v3,train/loss,79300,2.14294171333313
Mamba encoder-decoder,mamba-hybrid-v3,train/loss,79400,2.173267364501953
Mamba encoder-decoder,mamba-hybrid-v3,train/loss,79500,2.2109010219573975
Mamba encoder-decoder,mamba-hybrid-v3,train/loss,79600,2.247620105743408
Mamba encoder-decoder,mamba-hybrid-v3,train/loss,79700,2.2449660301208496
Mamba encoder-decoder,mamba-hybrid-v3,train/loss,79800,2.1514391899108887
Mamba encoder-decoder,mamba-hybrid-v3,train/loss,79900,2.2346839904785156
Mamba encoder-decoder,mamba-hybrid-v3,train/loss,80000,2.2856462001800537
Mamba encoder-decoder,mamba-hybrid-v3,train/loss,80100,2.2112131118774414
Mamba encoder-decoder,mamba-hybrid-v3,train/loss,80200,2.2005226612091064
Mamba encoder-decoder,mamba-hybrid-v3,train/loss,80300,2.29106068611145
Mamba encoder-decoder,mamba-hybrid-v3,train/loss,80400,2.208226203918457
Mamba encoder-decoder,mamba-hybrid-v3,train/loss,80500,2.292029619216919
Mamba encoder-decoder,mamba-hybrid-v3,train/loss,80600,2.1221323013305664
Mamba encoder-decoder,mamba-hybrid-v3,train/loss,80700,2.1824758052825928
Mamba encoder-decoder,mamba-hybrid-v3,train/loss,80800,2.2688140869140625
Mamba encoder-decoder,mamba-hybrid-v3,train/loss,80900,2.2130422592163086
Mamba encoder-decoder,mamba-hybrid-v3,train/loss,81000,2.4118270874023438
Mamba encoder-decoder,mamba-hybrid-v3,train/loss,81100,2.179867744445801
Mamba encoder-decoder,mamba-hybrid-v3,train/loss,81200,2.1367239952087402
Mamba encoder-decoder,mamba-hybrid-v3,train/loss,81300,2.3096961975097656
Mamba encoder-decoder,mamba-hybrid-v3,train/loss,81400,2.219722270965576
Mamba encoder-decoder,mamba-hybrid-v3,train/loss,81500,2.253323554992676
Mamba encoder-decoder,mamba-hybrid-v3,train/loss,81600,2.126614809036255
Mamba encoder-decoder,mamba-hybrid-v3,train/loss,81700,2.2288694381713867
Mamba encoder-decoder,mamba-hybrid-v3,train/loss,81800,2.2242178916931152
Mamba encoder-decoder,mamba-hybrid-v3,train/loss,81900,2.149379253387451
Mamba encoder-decoder,mamba-hybrid-v3,train/loss,82000,2.1496119499206543
Mamba encoder-decoder,mamba-hybrid-v3,train/loss,82100,2.1819467544555664
Mamba encoder-decoder,mamba-hybrid-v3,train/loss,82200,2.2225584983825684
Mamba encoder-decoder,mamba-hybrid-v3,train/loss,82300,2.233560562133789
Mamba encoder-decoder,mamba-hybrid-v3,train/loss,82400,2.273543119430542
Mamba encoder-decoder,mamba-hybrid-v3,train/loss,82500,2.185357093811035
Mamba encoder-decoder,mamba-hybrid-v3,train/loss,82600,2.190722703933716
Mamba encoder-decoder,mamba-hybrid-v3,train/loss,82700,2.3704934120178223
Mamba encoder-decoder,mamba-hybrid-v3,train/loss,82800,2.20634126663208
Mamba encoder-decoder,mamba-hybrid-v3,train/loss,82900,2.182009220123291
Mamba encoder-decoder,mamba-hybrid-v3,train/loss,83000,2.2114946842193604
Mamba encoder-decoder,mamba-hybrid-v3,train/loss,83100,2.451141834259033
Mamba encoder-decoder,mamba-hybrid-v3,train/loss,83200,2.208690881729126
Mamba encoder-decoder,mamba-hybrid-v3,train/loss,83300,2.198186159133911
Mamba encoder-decoder,mamba-hybrid-v3,train/loss,83400,2.26482892036438
Mamba encoder-decoder,mamba-hybrid-v3,train/loss,83500,2.1925408840179443
Mamba encoder-decoder,mamba-hybrid-v3,train/loss,83600,2.320590019226074
Mamba encoder-decoder,mamba-hybrid-v3,train/loss,83700,2.287231922149658
Mamba encoder-decoder,mamba-hybrid-v3,train/loss,83800,2.269087076187134
Mamba encoder-decoder,mamba-hybrid-v3,train/loss,83900,2.3900198936462402
Mamba encoder-decoder,mamba-hybrid-v3,train/loss,84000,2.244795799255371
Mamba encoder-decoder,mamba-hybrid-v3,train/loss,84100,2.251317262649536
Mamba encoder-decoder,mamba-hybrid-v3,train/loss,84200,2.171881675720215
Mamba encoder-decoder,mamba-hybrid-v3,train/loss,84300,2.1730947494506836
Mamba encoder-decoder,mamba-hybrid-v3,train/loss,84400,2.2370171546936035
Mamba encoder-decoder,mamba-hybrid-v3,train/loss,84500,2.1639740467071533
Mamba encoder-decoder,mamba-hybrid-v3,train/loss,84600,2.2517282962799072
Mamba encoder-decoder,mamba-hybrid-v3,train/loss,84700,2.2185425758361816
Mamba encoder-decoder,mamba-hybrid-v3,train/loss,84800,2.219670057296753
Mamba encoder-decoder,mamba-hybrid-v3,train/loss,84900,2.2671432495117188
Mamba encoder-decoder,mamba-hybrid-v3,train/loss,85000,2.181151866912842
Mamba encoder-decoder,mamba-hybrid-v3,train/loss,85100,2.225928544998169
Mamba encoder-decoder,mamba-hybrid-v3,train/loss,85200,2.3357439041137695
Mamba encoder-decoder,mamba-hybrid-v3,train/loss,85300,2.1052374839782715
Mamba encoder-decoder,mamba-hybrid-v3,train/loss,85400,2.173720121383667
Mamba encoder-decoder,mamba-hybrid-v3,train/loss,85500,2.19842267036438
Mamba encoder-decoder,mamba-hybrid-v3,train/loss,85600,2.181732177734375
Mamba encoder-decoder,mamba-hybrid-v3,train/loss,85700,2.4154090881347656
Mamba encoder-decoder,mamba-hybrid-v3,train/loss,85800,2.2289748191833496
Mamba encoder-decoder,mamba-hybrid-v3,train/loss,85900,2.181361198425293
Mamba encoder-decoder,mamba-hybrid-v3,train/loss,86000,2.238070487976074
Mamba encoder-decoder,mamba-hybrid-v3,train/loss,86100,2.173835039138794
Mamba encoder-decoder,mamba-hybrid-v3,train/loss,86200,2.281226634979248
Mamba encoder-decoder,mamba-hybrid-v3,train/loss,86300,2.228395938873291
Mamba encoder-decoder,mamba-hybrid-v3,train/loss,86400,2.254589080810547
Mamba encoder-decoder,mamba-hybrid-v3,train/loss,86500,2.124602794647217
Mamba encoder-decoder,mamba-hybrid-v3,train/loss,86600,2.2385120391845703
Mamba encoder-decoder,mamba-hybrid-v3,train/loss,86700,2.253898859024048
Mamba encoder-decoder,mamba-hybrid-v3,train/loss,86800,2.254976987838745
Mamba encoder-decoder,mamba-hybrid-v3,train/loss,86900,2.4835445880889893
Mamba encoder-decoder,mamba-hybrid-v3,train/loss,87000,2.2806308269500732
Mamba encoder-decoder,mamba-hybrid-v3,train/loss,87100,2.201829671859741
Mamba encoder-decoder,mamba-hybrid-v3,train/loss,87200,2.2145495414733887
Mamba encoder-decoder,mamba-hybrid-v3,train/loss,87300,2.1172256469726562
Mamba encoder-decoder,mamba-hybrid-v3,train/loss,87400,2.3220343589782715
Mamba encoder-decoder,mamba-hybrid-v3,train/loss,87500,2.307251214981079
Mamba encoder-decoder,mamba-hybrid-v3,train/loss,87600,2.3071980476379395
Mamba encoder-decoder,mamba-hybrid-v3,train/loss,87700,2.184788227081299
Mamba encoder-decoder,mamba-hybrid-v3,train/loss,87800,2.257888078689575
Mamba encoder-decoder,mamba-hybrid-v3,train/loss,87900,2.2977442741394043
Mamba encoder-decoder,mamba-hybrid-v3,train/loss,88000,2.1688761711120605
Mamba encoder-decoder,mamba-hybrid-v3,train/loss,88100,2.258241891860962
Mamba encoder-decoder,mamba-hybrid-v3,train/loss,88200,2.2769899368286133
Mamba encoder-decoder,mamba-hybrid-v3,train/loss,88300,2.1532180309295654
Mamba encoder-decoder,mamba-hybrid-v3,train/loss,88400,2.199875831604004
Mamba encoder-decoder,mamba-hybrid-v3,train/loss,88500,2.1629347801208496
Mamba encoder-decoder,mamba-hybrid-v3,train/loss,88600,2.222013473510742
Mamba encoder-decoder,mamba-hybrid-v3,train/loss,88700,2.240020275115967
Mamba encoder-decoder,mamba-hybrid-v3,train/loss,88800,2.2480692863464355
Mamba encoder-decoder,mamba-hybrid-v3,train/loss,88900,2.2546496391296387
Mamba encoder-decoder,mamba-hybrid-v3,train/loss,89000,2.349177837371826
Mamba encoder-decoder,mamba-hybrid-v3,train/loss,89100,2.515134811401367
Mamba encoder-decoder,mamba-hybrid-v3,train/loss,89200,2.2260618209838867
Mamba encoder-decoder,mamba-hybrid-v3,train/loss,89300,2.2246904373168945
Mamba encoder-decoder,mamba-hybrid-v3,train/loss,89400,2.1971497535705566
Mamba encoder-decoder,mamba-hybrid-v3,train/loss,89500,2.2631402015686035
Mamba encoder-decoder,mamba-hybrid-v3,train/loss,89600,2.2001073360443115
Mamba encoder-decoder,mamba-hybrid-v3,train/loss,89700,2.244223117828369
Mamba encoder-decoder,mamba-hybrid-v3,train/loss,89800,2.175959825515747
Mamba encoder-decoder,mamba-hybrid-v3,train/loss,89900,2.240170478820801
Mamba encoder-decoder,mamba-hybrid-v3,train/loss,90000,2.156214952468872
Mamba encoder-decoder,mamba-hybrid-v3,train/loss,90100,2.18481183052063
Mamba encoder-decoder,mamba-hybrid-v3,train/loss,90200,2.2330455780029297
Mamba encoder-decoder,mamba-hybrid-v3,train/loss,90300,2.2510294914245605
Mamba encoder-decoder,mamba-hybrid-v3,train/loss,90400,2.244551181793213
Mamba encoder-decoder,mamba-hybrid-v3,train/loss,90500,2.232847213745117
Mamba encoder-decoder,mamba-hybrid-v3,train/loss,90600,2.1853511333465576
Mamba encoder-decoder,mamba-hybrid-v3,train/loss,90700,2.2886548042297363
Mamba encoder-decoder,mamba-hybrid-v3,train/loss,90800,2.2537026405334473
Mamba encoder-decoder,mamba-hybrid-v3,train/loss,90900,2.203197717666626
Mamba encoder-decoder,mamba-hybrid-v3,train/loss,91000,2.1646552085876465
Mamba encoder-decoder,mamba-hybrid-v3,train/loss,91100,2.2184553146362305
Mamba encoder-decoder,mamba-hybrid-v3,train/loss,91200,2.2187321186065674
Mamba encoder-decoder,mamba-hybrid-v3,train/loss,91300,2.227264642715454
Mamba encoder-decoder,mamba-hybrid-v3,train/loss,91400,2.1273438930511475
Mamba encoder-decoder,mamba-hybrid-v3,train/loss,91500,2.2612342834472656
Mamba encoder-decoder,mamba-hybrid-v3,train/loss,91600,2.162381410598755
Mamba encoder-decoder,mamba-hybrid-v3,train/loss,91700,2.108705997467041
Mamba encoder-decoder,mamba-hybrid-v3,train/loss,91800,2.30354642868042
Mamba encoder-decoder,mamba-hybrid-v3,train/loss,91900,2.2336320877075195
Mamba encoder-decoder,mamba-hybrid-v3,train/loss,92000,2.2865729331970215
Mamba encoder-decoder,mamba-hybrid-v3,train/loss,92100,2.2531166076660156
Mamba encoder-decoder,mamba-hybrid-v3,train/loss,92200,2.2269060611724854
Mamba encoder-decoder,mamba-hybrid-v3,train/loss,92300,2.1872477531433105
Mamba encoder-decoder,mamba-hybrid-v3,train/loss,92400,2.241511821746826
Mamba encoder-decoder,mamba-hybrid-v3,train/loss,92500,2.1147849559783936
Mamba encoder-decoder,mamba-hybrid-v3,train/loss,92600,2.272514581680298
Mamba encoder-decoder,mamba-hybrid-v3,train/loss,92700,2.172092914581299
Mamba encoder-decoder,mamba-hybrid-v3,train/loss,92800,2.1963319778442383
Mamba encoder-decoder,mamba-hybrid-v3,train/loss,92900,2.1725375652313232
Mamba encoder-decoder,mamba-hybrid-v3,train/loss,93000,2.2679896354675293
Mamba encoder-decoder,mamba-hybrid-v3,train/loss,93100,2.1798410415649414
Mamba encoder-decoder,mamba-hybrid-v3,train/loss,93200,2.1999597549438477
Mamba encoder-decoder,mamba-hybrid-v3,train/loss,93300,2.270871639251709
Mamba encoder-decoder,mamba-hybrid-v3,train/loss,93400,2.323622226715088
Mamba encoder-decoder,mamba-hybrid-v3,train/loss,93500,2.30143404006958
Mamba encoder-decoder,mamba-hybrid-v3,train/loss,93600,2.246253728866577
Mamba encoder-decoder,mamba-hybrid-v3,train/loss,93700,2.249798536300659
Mamba encoder-decoder,mamba-hybrid-v3,train/loss,93800,2.241260051727295
Mamba encoder-decoder,mamba-hybrid-v3,train/loss,93900,2.2597036361694336
Mamba encoder-decoder,mamba-hybrid-v3,train/loss,94000,2.277916193008423
Mamba encoder-decoder,mamba-hybrid-v3,train/loss,94100,2.422370672225952
Mamba encoder-decoder,mamba-hybrid-v3,train/loss,94200,2.2711544036865234
Mamba encoder-decoder,mamba-hybrid-v3,train/loss,94300,2.1138834953308105
Mamba encoder-decoder,mamba-hybrid-v3,train/loss,94400,2.208483934402466
Mamba encoder-decoder,mamba-hybrid-v3,train/loss,94500,2.2211735248565674
Mamba encoder-decoder,mamba-hybrid-v3,train/loss,94600,2.2820048332214355
Mamba encoder-decoder,mamba-hybrid-v3,train/loss,94700,2.197047233581543
Mamba encoder-decoder,mamba-hybrid-v3,train/loss,94800,2.2191975116729736
Mamba encoder-decoder,mamba-hybrid-v3,train/loss,94900,2.2087855339050293
Mamba encoder-decoder,mamba-hybrid-v3,train/loss,95000,2.2419662475585938
Mamba encoder-decoder,mamba-hybrid-v3,train/loss,95100,2.307647705078125
Mamba encoder-decoder,mamba-hybrid-v3,train/loss,95200,2.251246213912964
Mamba encoder-decoder,mamba-hybrid-v3,train/loss,95300,2.213716506958008
Mamba encoder-decoder,mamba-hybrid-v3,train/loss,95400,2.2659645080566406
Mamba encoder-decoder,mamba-hybrid-v3,train/loss,95500,2.1617212295532227
Mamba encoder-decoder,mamba-hybrid-v3,train/loss,95600,2.2297110557556152
Mamba encoder-decoder,mamba-hybrid-v3,train/loss,95700,2.200998306274414
Mamba encoder-decoder,mamba-hybrid-v3,train/loss,95800,2.1541340351104736
Mamba encoder-decoder,mamba-hybrid-v3,train/loss,95900,2.1978342533111572
Mamba encoder-decoder,mamba-hybrid-v3,train/loss,96000,2.2955517768859863
Mamba encoder-decoder,mamba-hybrid-v3,train/loss,96100,2.1628100872039795
Mamba encoder-decoder,mamba-hybrid-v3,train/loss,96200,2.335385799407959
Mamba encoder-decoder,mamba-hybrid-v3,train/loss,96300,2.2985434532165527
Mamba encoder-decoder,mamba-hybrid-v3,train/loss,96400,2.3106541633605957
Mamba encoder-decoder,mamba-hybrid-v3,train/loss,96500,2.3083534240722656
Mamba encoder-decoder,mamba-hybrid-v3,train/loss,96600,2.167598009109497
Mamba encoder-decoder,mamba-hybrid-v3,train/loss,96700,2.2189109325408936
Mamba encoder-decoder,mamba-hybrid-v3,train/loss,96800,2.359243869781494
Mamba encoder-decoder,mamba-hybrid-v3,train/loss,96900,2.1820826530456543
Mamba encoder-decoder,mamba-hybrid-v3,train/loss,97000,2.156545639038086
Mamba encoder-decoder,mamba-hybrid-v3,train/loss,97100,2.2632341384887695
Mamba encoder-decoder,mamba-hybrid-v3,train/loss,97200,2.3522911071777344
Mamba encoder-decoder,mamba-hybrid-v3,train/loss,97300,2.2334394454956055
Mamba encoder-decoder,mamba-hybrid-v3,train/loss,97400,2.0776946544647217
Mamba encoder-decoder,mamba-hybrid-v3,train/loss,97500,2.3799495697021484
Mamba encoder-decoder,mamba-hybrid-v3,train/loss,97600,2.193920135498047
Mamba encoder-decoder,mamba-hybrid-v3,train/loss,97700,2.185699462890625
Mamba encoder-decoder,mamba-hybrid-v3,train/loss,97800,2.1298508644104004
Mamba encoder-decoder,mamba-hybrid-v3,train/loss,97900,2.2104713916778564
Mamba encoder-decoder,mamba-hybrid-v3,train/loss,98000,2.219386577606201
Mamba encoder-decoder,mamba-hybrid-v3,train/loss,98100,2.197725296020508
Mamba encoder-decoder,mamba-hybrid-v3,train/loss,98200,2.1543803215026855
Mamba encoder-decoder,mamba-hybrid-v3,train/loss,98300,2.1877458095550537
Mamba encoder-decoder,mamba-hybrid-v3,train/loss,98400,2.159539222717285
Mamba encoder-decoder,mamba-hybrid-v3,train/loss,98500,2.1153573989868164
Mamba encoder-decoder,mamba-hybrid-v3,train/loss,98600,2.2036983966827393
Mamba encoder-decoder,mamba-hybrid-v3,train/loss,98700,2.294671058654785
Mamba encoder-decoder,mamba-hybrid-v3,train/loss,98800,2.2150678634643555
Mamba encoder-decoder,mamba-hybrid-v3,train/loss,98900,2.225428342819214
Mamba encoder-decoder,mamba-hybrid-v3,train/loss,99000,2.1505446434020996
Mamba encoder-decoder,mamba-hybrid-v3,train/loss,99100,2.1181278228759766
Mamba encoder-decoder,mamba-hybrid-v3,train/loss,99200,2.127532958984375
Mamba encoder-decoder,mamba-hybrid-v3,train/loss,99300,2.1814730167388916
Mamba encoder-decoder,mamba-hybrid-v3,train/loss,99400,2.1824002265930176
Mamba encoder-decoder,mamba-hybrid-v3,train/loss,99500,2.102208137512207
Mamba encoder-decoder,mamba-hybrid-v3,train/loss,99600,2.1397109031677246
Mamba encoder-decoder,mamba-hybrid-v3,train/loss,99700,2.2080929279327393
Mamba encoder-decoder,mamba-hybrid-v3,train/loss,99800,2.2332262992858887
Mamba encoder-decoder,mamba-hybrid-v3,train/loss,99900,2.223508834838867
Mamba encoder-decoder,mamba-hybrid-v3,train/loss,100000,2.143723487854004
Mamba decoder-only,mamba-decoder-v3,train/loss,100,7.115323066711426
Mamba decoder-only,mamba-decoder-v3,train/loss,200,6.454504013061523
Mamba decoder-only,mamba-decoder-v3,train/loss,300,6.277353763580322
Mamba decoder-only,mamba-decoder-v3,train/loss,400,6.126218795776367
Mamba decoder-only,mamba-decoder-v3,train/loss,500,6.089179039001465
Mamba decoder-only,mamba-decoder-v3,train/loss,600,5.919768333435059
Mamba decoder-only,mamba-decoder-v3,train/loss,700,5.734646797180176
Mamba decoder-only,mamba-decoder-v3,train/loss,800,5.743257522583008
Mamba decoder-only,mamba-decoder-v3,train/loss,900,5.53437614440918
Mamba decoder-only,mamba-decoder-v3,train/loss,1000,5.64545202255249
Mamba decoder-only,mamba-decoder-v3,train/loss,1100,5.515939712524414
Mamba decoder-only,mamba-decoder-v3,train/loss,1200,5.344853401184082
Mamba decoder-only,mamba-decoder-v3,train/loss,1300,5.437232494354248
Mamba decoder-only,mamba-decoder-v3,train/loss,1400,5.272554874420166
Mamba decoder-only,mamba-decoder-v3,train/loss,1500,5.38566780090332
Mamba decoder-only,mamba-decoder-v3,train/loss,1600,5.405545234680176
Mamba decoder-only,mamba-decoder-v3,train/loss,1700,5.246307373046875
Mamba decoder-only,mamba-decoder-v3,train/loss,1800,5.217035293579102
Mamba decoder-only,mamba-decoder-v3,train/loss,1900,5.035689353942871
Mamba decoder-only,mamba-decoder-v3,train/loss,2000,5.027331829071045
Mamba decoder-only,mamba-decoder-v3,train/loss,2100,5.085574150085449
Mamba decoder-only,mamba-decoder-v3,train/loss,2200,5.128645420074463
Mamba decoder-only,mamba-decoder-v3,train/loss,2300,4.869279861450195
Mamba decoder-only,mamba-decoder-v3,train/loss,2400,4.926527976989746
Mamba decoder-only,mamba-decoder-v3,train/loss,2500,5.133676052093506
Mamba decoder-only,mamba-decoder-v3,train/loss,2600,5.1298065185546875
Mamba decoder-only,mamba-decoder-v3,train/loss,2700,4.996650218963623
Mamba decoder-only,mamba-decoder-v3,train/loss,2800,4.711363792419434
Mamba decoder-only,mamba-decoder-v3,train/loss,2900,4.866605281829834
Mamba decoder-only,mamba-decoder-v3,train/loss,3000,4.807570934295654
Mamba decoder-only,mamba-decoder-v3,train/loss,3100,4.781838893890381
Mamba decoder-only,mamba-decoder-v3,train/loss,3200,4.614222526550293
Mamba decoder-only,mamba-decoder-v3,train/loss,3300,4.715897560119629
Mamba decoder-only,mamba-decoder-v3,train/loss,3400,4.799890995025635
Mamba decoder-only,mamba-decoder-v3,train/loss,3500,4.845651626586914
Mamba decoder-only,mamba-decoder-v3,train/loss,3600,4.591221809387207
Mamba decoder-only,mamba-decoder-v3,train/loss,3700,4.6898088455200195
Mamba decoder-only,mamba-decoder-v3,train/loss,3800,4.62544059753418
Mamba decoder-only,mamba-decoder-v3,train/loss,3900,4.630692481994629
Mamba decoder-only,mamba-decoder-v3,train/loss,4000,4.590790271759033
Mamba decoder-only,mamba-decoder-v3,train/loss,4100,4.683212757110596
Mamba decoder-only,mamba-decoder-v3,train/loss,4200,4.442858695983887
Mamba decoder-only,mamba-decoder-v3,train/loss,4300,4.573939323425293
Mamba decoder-only,mamba-decoder-v3,train/loss,4400,4.441913604736328
Mamba decoder-only,mamba-decoder-v3,train/loss,4500,4.500374794006348
Mamba decoder-only,mamba-decoder-v3,train/loss,4600,4.453452110290527
Mamba decoder-only,mamba-decoder-v3,train/loss,4700,4.519004821777344
Mamba decoder-only,mamba-decoder-v3,train/loss,4800,4.206897735595703
Mamba decoder-only,mamba-decoder-v3,train/loss,4900,4.351253032684326
Mamba decoder-only,mamba-decoder-v3,train/loss,5000,4.311768054962158
Mamba decoder-only,mamba-decoder-v3,train/loss,5100,4.346770286560059
Mamba decoder-only,mamba-decoder-v3,train/loss,5200,4.473628997802734
Mamba decoder-only,mamba-decoder-v3,train/loss,5300,4.096113681793213
Mamba decoder-only,mamba-decoder-v3,train/loss,5400,4.36945104598999
Mamba decoder-only,mamba-decoder-v3,train/loss,5500,4.109628200531006
Mamba decoder-only,mamba-decoder-v3,train/loss,5600,4.2018208503723145
Mamba decoder-only,mamba-decoder-v3,train/loss,5700,4.193731784820557
Mamba decoder-only,mamba-decoder-v3,train/loss,5800,4.1430816650390625
Mamba decoder-only,mamba-decoder-v3,train/loss,5900,3.96968412399292
Mamba decoder-only,mamba-decoder-v3,train/loss,6000,4.200328826904297
Mamba decoder-only,mamba-decoder-v3,train/loss,6100,4.000980854034424
Mamba decoder-only,mamba-decoder-v3,train/loss,6200,4.129648208618164
Mamba decoder-only,mamba-decoder-v3,train/loss,6300,4.182085037231445
Mamba decoder-only,mamba-decoder-v3,train/loss,6400,3.9784815311431885
Mamba decoder-only,mamba-decoder-v3,train/loss,6500,3.8957347869873047
Mamba decoder-only,mamba-decoder-v3,train/loss,6600,4.025559902191162
Mamba decoder-only,mamba-decoder-v3,train/loss,6700,3.9270410537719727
Mamba decoder-only,mamba-decoder-v3,train/loss,6800,4.02845573425293
Mamba decoder-only,mamba-decoder-v3,train/loss,6900,3.9726734161376953
Mamba decoder-only,mamba-decoder-v3,train/loss,7000,4.0186381340026855
Mamba decoder-only,mamba-decoder-v3,train/loss,7100,3.878462076187134
Mamba decoder-only,mamba-decoder-v3,train/loss,7200,3.8298654556274414
Mamba decoder-only,mamba-decoder-v3,train/loss,7300,3.7919604778289795
Mamba decoder-only,mamba-decoder-v3,train/loss,7400,3.770246982574463
Mamba decoder-only,mamba-decoder-v3,train/loss,7500,3.9420154094696045
Mamba decoder-only,mamba-decoder-v3,train/loss,7600,4.024466037750244
Mamba decoder-only,mamba-decoder-v3,train/loss,7700,3.9117398262023926
Mamba decoder-only,mamba-decoder-v3,train/loss,7800,3.934481382369995
Mamba decoder-only,mamba-decoder-v3,train/loss,7900,3.941830635070801
Mamba decoder-only,mamba-decoder-v3,train/loss,8000,3.785879135131836
Mamba decoder-only,mamba-decoder-v3,train/loss,8100,3.8616466522216797
Mamba decoder-only,mamba-decoder-v3,train/loss,8200,3.939162492752075
Mamba decoder-only,mamba-decoder-v3,train/loss,8300,3.7904887199401855
Mamba decoder-only,mamba-decoder-v3,train/loss,8400,3.694000244140625
Mamba decoder-only,mamba-decoder-v3,train/loss,8500,4.061124801635742
Mamba decoder-only,mamba-decoder-v3,train/loss,8600,3.7360126972198486
Mamba decoder-only,mamba-decoder-v3,train/loss,8700,3.7271459102630615
Mamba decoder-only,mamba-decoder-v3,train/loss,8800,3.64078950881958
Mamba decoder-only,mamba-decoder-v3,train/loss,8900,3.5693840980529785
Mamba decoder-only,mamba-decoder-v3,train/loss,9000,3.709169387817383
Mamba decoder-only,mamba-decoder-v3,train/loss,9100,3.687192678451538
Mamba decoder-only,mamba-decoder-v3,train/loss,9200,3.7840518951416016
Mamba decoder-only,mamba-decoder-v3,train/loss,9300,3.8046107292175293
Mamba decoder-only,mamba-decoder-v3,train/loss,9400,3.797853946685791
Mamba decoder-only,mamba-decoder-v3,train/loss,9500,3.7238821983337402
Mamba decoder-only,mamba-decoder-v3,train/loss,9600,3.6356348991394043
Mamba decoder-only,mamba-decoder-v3,train/loss,9700,3.6519665718078613
Mamba decoder-only,mamba-decoder-v3,train/loss,9800,3.5866141319274902
Mamba decoder-only,mamba-decoder-v3,train/loss,9900,3.667846202850342
Mamba decoder-only,mamba-decoder-v3,train/loss,10000,3.5720553398132324
Mamba decoder-only,mamba-decoder-v3,train/loss,10100,3.4837098121643066
Mamba decoder-only,mamba-decoder-v3,train/loss,10200,3.6861348152160645
Mamba decoder-only,mamba-decoder-v3,train/loss,10300,3.693861484527588
Mamba decoder-only,mamba-decoder-v3,train/loss,10400,3.809260606765747
Mamba decoder-only,mamba-decoder-v3,train/loss,10500,3.661525249481201
Mamba decoder-only,mamba-decoder-v3,train/loss,10600,3.489145278930664
Mamba decoder-only,mamba-decoder-v3,train/loss,10700,3.483445644378662
Mamba decoder-only,mamba-decoder-v3,train/loss,10800,3.676708698272705
Mamba decoder-only,mamba-decoder-v3,train/loss,10900,3.7154462337493896
Mamba decoder-only,mamba-decoder-v3,train/loss,11000,3.4584639072418213
Mamba decoder-only,mamba-decoder-v3,train/loss,11100,3.4993255138397217
Mamba decoder-only,mamba-decoder-v3,train/loss,11200,3.5545730590820312
Mamba decoder-only,mamba-decoder-v3,train/loss,11300,3.3737640380859375
Mamba decoder-only,mamba-decoder-v3,train/loss,11400,3.696993350982666
Mamba decoder-only,mamba-decoder-v3,train/loss,11500,3.4955387115478516
Mamba decoder-only,mamba-decoder-v3,train/loss,11600,3.429445743560791
Mamba decoder-only,mamba-decoder-v3,train/loss,11700,3.5393104553222656
Mamba decoder-only,mamba-decoder-v3,train/loss,11800,3.589280128479004
Mamba decoder-only,mamba-decoder-v3,train/loss,11900,3.3947458267211914
Mamba decoder-only,mamba-decoder-v3,train/loss,12000,3.444136619567871
Mamba decoder-only,mamba-decoder-v3,train/loss,12100,3.3952152729034424
Mamba decoder-only,mamba-decoder-v3,train/loss,12200,3.594907760620117
Mamba decoder-only,mamba-decoder-v3,train/loss,12300,3.557438850402832
Mamba decoder-only,mamba-decoder-v3,train/loss,12400,3.473428249359131
Mamba decoder-only,mamba-decoder-v3,train/loss,12500,3.4774246215820312
Mamba decoder-only,mamba-decoder-v3,train/loss,12600,3.5869317054748535
Mamba decoder-only,mamba-decoder-v3,train/loss,12700,3.4238243103027344
Mamba decoder-only,mamba-decoder-v3,train/loss,12800,3.46798038482666
Mamba decoder-only,mamba-decoder-v3,train/loss,12900,3.511892318725586
Mamba decoder-only,mamba-decoder-v3,train/loss,13000,3.4921987056732178
Mamba decoder-only,mamba-decoder-v3,train/loss,13100,3.4439945220947266
Mamba decoder-only,mamba-decoder-v3,train/loss,13200,3.4023218154907227
Mamba decoder-only,mamba-decoder-v3,train/loss,13300,3.3687503337860107
Mamba decoder-only,mamba-decoder-v3,train/loss,13400,3.350367307662964
Mamba decoder-only,mamba-decoder-v3,train/loss,13500,3.2473549842834473
Mamba decoder-only,mamba-decoder-v3,train/loss,13600,3.376934051513672
Mamba decoder-only,mamba-decoder-v3,train/loss,13700,3.360888957977295
Mamba decoder-only,mamba-decoder-v3,train/loss,13800,3.3175008296966553
Mamba decoder-only,mamba-decoder-v3,train/loss,13900,3.3009567260742188
Mamba decoder-only,mamba-decoder-v3,train/loss,14000,3.335207939147949
Mamba decoder-only,mamba-decoder-v3,train/loss,14100,3.356886386871338
Mamba decoder-only,mamba-decoder-v3,train/loss,14200,3.5118656158447266
Mamba decoder-only,mamba-decoder-v3,train/loss,14300,3.315948486328125
Mamba decoder-only,mamba-decoder-v3,train/loss,14400,3.4085636138916016
Mamba decoder-only,mamba-decoder-v3,train/loss,14500,3.3080849647521973
Mamba decoder-only,mamba-decoder-v3,train/loss,14600,3.4993324279785156
Mamba decoder-only,mamba-decoder-v3,train/loss,14700,3.3804593086242676
Mamba decoder-only,mamba-decoder-v3,train/loss,14800,3.2273454666137695
Mamba decoder-only,mamba-decoder-v3,train/loss,14900,3.391902446746826
Mamba decoder-only,mamba-decoder-v3,train/loss,15000,3.2326345443725586
Mamba decoder-only,mamba-decoder-v3,train/loss,15100,3.166156768798828
Mamba decoder-only,mamba-decoder-v3,train/loss,15200,3.557786464691162
Mamba decoder-only,mamba-decoder-v3,train/loss,15300,3.2736315727233887
Mamba decoder-only,mamba-decoder-v3,train/loss,15400,3.3776588439941406
Mamba decoder-only,mamba-decoder-v3,train/loss,15500,3.314323902130127
Mamba decoder-only,mamba-decoder-v3,train/loss,15600,3.227161169052124
Mamba decoder-only,mamba-decoder-v3,train/loss,15700,3.0970544815063477
Mamba decoder-only,mamba-decoder-v3,train/loss,15800,3.183220386505127
Mamba decoder-only,mamba-decoder-v3,train/loss,15900,3.3930463790893555
Mamba decoder-only,mamba-decoder-v3,train/loss,16000,3.3408560752868652
Mamba decoder-only,mamba-decoder-v3,train/loss,16100,3.175251007080078
Mamba decoder-only,mamba-decoder-v3,train/loss,16200,3.27738881111145
Mamba decoder-only,mamba-decoder-v3,train/loss,16300,3.21218204498291
Mamba decoder-only,mamba-decoder-v3,train/loss,16400,3.2491891384124756
Mamba decoder-only,mamba-decoder-v3,train/loss,16500,3.3998847007751465
Mamba decoder-only,mamba-decoder-v3,train/loss,16600,3.189840793609619
Mamba decoder-only,mamba-decoder-v3,train/loss,16700,3.1487624645233154
Mamba decoder-only,mamba-decoder-v3,train/loss,16800,3.3291196823120117
Mamba decoder-only,mamba-decoder-v3,train/loss,16900,3.402947187423706
Mamba decoder-only,mamba-decoder-v3,train/loss,17000,3.2359116077423096
Mamba decoder-only,mamba-decoder-v3,train/loss,17100,3.3532776832580566
Mamba decoder-only,mamba-decoder-v3,train/loss,17200,3.1304404735565186
Mamba decoder-only,mamba-decoder-v3,train/loss,17300,3.4408674240112305
Mamba decoder-only,mamba-decoder-v3,train/loss,17400,3.3480985164642334
Mamba decoder-only,mamba-decoder-v3,train/loss,17500,3.371034622192383
Mamba decoder-only,mamba-decoder-v3,train/loss,17600,3.2259795665740967
Mamba decoder-only,mamba-decoder-v3,train/loss,17700,3.187192916870117
Mamba decoder-only,mamba-decoder-v3,train/loss,17800,3.2735748291015625
Mamba decoder-only,mamba-decoder-v3,train/loss,17900,3.390458822250366
Mamba decoder-only,mamba-decoder-v3,train/loss,18000,3.4425735473632812
Mamba decoder-only,mamba-decoder-v3,train/loss,18100,3.17158579826355
Mamba decoder-only,mamba-decoder-v3,train/loss,18200,3.224302053451538
Mamba decoder-only,mamba-decoder-v3,train/loss,18300,3.0577521324157715
Mamba decoder-only,mamba-decoder-v3,train/loss,18400,3.2948968410491943
Mamba decoder-only,mamba-decoder-v3,train/loss,18500,3.2859673500061035
Mamba decoder-only,mamba-decoder-v3,train/loss,18600,3.2024078369140625
Mamba decoder-only,mamba-decoder-v3,train/loss,18700,3.1847333908081055
Mamba decoder-only,mamba-decoder-v3,train/loss,18800,3.2153496742248535
Mamba decoder-only,mamba-decoder-v3,train/loss,18900,3.166241407394409
Mamba decoder-only,mamba-decoder-v3,train/loss,19000,3.130157709121704
Mamba decoder-only,mamba-decoder-v3,train/loss,19100,3.165696620941162
Mamba decoder-only,mamba-decoder-v3,train/loss,19200,3.237779140472412
Mamba decoder-only,mamba-decoder-v3,train/loss,19300,3.1838228702545166
Mamba decoder-only,mamba-decoder-v3,train/loss,19400,3.2707128524780273
Mamba decoder-only,mamba-decoder-v3,train/loss,19500,3.017064332962036
Mamba decoder-only,mamba-decoder-v3,train/loss,19600,3.180478572845459
Mamba decoder-only,mamba-decoder-v3,train/loss,19700,3.1720337867736816
Mamba decoder-only,mamba-decoder-v3,train/loss,19800,3.1656322479248047
Mamba decoder-only,mamba-decoder-v3,train/loss,19900,3.08035945892334
Mamba decoder-only,mamba-decoder-v3,train/loss,20000,3.1560778617858887
Mamba decoder-only,mamba-decoder-v3,train/loss,20100,3.170370578765869
Mamba decoder-only,mamba-decoder-v3,train/loss,20200,3.2144060134887695
Mamba decoder-only,mamba-decoder-v3,train/loss,20300,3.1087870597839355
Mamba decoder-only,mamba-decoder-v3,train/loss,20400,3.094883680343628
Mamba decoder-only,mamba-decoder-v3,train/loss,20500,3.2133092880249023
Mamba decoder-only,mamba-decoder-v3,train/loss,20600,3.1617565155029297
Mamba decoder-only,mamba-decoder-v3,train/loss,20700,3.101957321166992
Mamba decoder-only,mamba-decoder-v3,train/loss,20800,3.0507845878601074
Mamba decoder-only,mamba-decoder-v3,train/loss,20900,3.197335720062256
Mamba decoder-only,mamba-decoder-v3,train/loss,21000,2.9779748916625977
Mamba decoder-only,mamba-decoder-v3,train/loss,21100,3.1045167446136475
Mamba decoder-only,mamba-decoder-v3,train/loss,21200,3.154353141784668
Mamba decoder-only,mamba-decoder-v3,train/loss,21300,3.020038604736328
Mamba decoder-only,mamba-decoder-v3,train/loss,21400,3.159585475921631
Mamba decoder-only,mamba-decoder-v3,train/loss,21500,3.0632271766662598
Mamba decoder-only,mamba-decoder-v3,train/loss,21600,3.0689377784729004
Mamba decoder-only,mamba-decoder-v3,train/loss,21700,3.126662254333496
Mamba decoder-only,mamba-decoder-v3,train/loss,21800,3.2329344749450684
Mamba decoder-only,mamba-decoder-v3,train/loss,21900,3.0429577827453613
Mamba decoder-only,mamba-decoder-v3,train/loss,22000,3.221871852874756
Mamba decoder-only,mamba-decoder-v3,train/loss,22100,3.061607837677002
Mamba decoder-only,mamba-decoder-v3,train/loss,22200,2.947223663330078
Mamba decoder-only,mamba-decoder-v3,train/loss,22300,3.1208834648132324
Mamba decoder-only,mamba-decoder-v3,train/loss,22400,3.0864250659942627
Mamba decoder-only,mamba-decoder-v3,train/loss,22500,3.171420097351074
Mamba decoder-only,mamba-decoder-v3,train/loss,22600,3.074129104614258
Mamba decoder-only,mamba-decoder-v3,train/loss,22700,3.0328550338745117
Mamba decoder-only,mamba-decoder-v3,train/loss,22800,3.0920023918151855
Mamba decoder-only,mamba-decoder-v3,train/loss,22900,3.057797431945801
Mamba decoder-only,mamba-decoder-v3,train/loss,23000,3.1418609619140625
Mamba decoder-only,mamba-decoder-v3,train/loss,23100,3.1591856479644775
Mamba decoder-only,mamba-decoder-v3,train/loss,23200,3.313931941986084
Mamba decoder-only,mamba-decoder-v3,train/loss,23300,3.0904006958007812
Mamba decoder-only,mamba-decoder-v3,train/loss,23400,3.089231491088867
Mamba decoder-only,mamba-decoder-v3,train/loss,23500,3.1101198196411133
Mamba decoder-only,mamba-decoder-v3,train/loss,23600,3.11488676071167
Mamba decoder-only,mamba-decoder-v3,train/loss,23700,3.177133083343506
Mamba decoder-only,mamba-decoder-v3,train/loss,23800,3.058095693588257
Mamba decoder-only,mamba-decoder-v3,train/loss,23900,3.12514066696167
Mamba decoder-only,mamba-decoder-v3,train/loss,24000,3.225158929824829
Mamba decoder-only,mamba-decoder-v3,train/loss,24100,3.0749659538269043
Mamba decoder-only,mamba-decoder-v3,train/loss,24200,3.0861873626708984
Mamba decoder-only,mamba-decoder-v3,train/loss,24300,3.0425848960876465
Mamba decoder-only,mamba-decoder-v3,train/loss,24400,2.980329990386963
Mamba decoder-only,mamba-decoder-v3,train/loss,24500,3.1109111309051514
Mamba decoder-only,mamba-decoder-v3,train/loss,24600,3.146697759628296
Mamba decoder-only,mamba-decoder-v3,train/loss,24700,2.987903594970703
Mamba decoder-only,mamba-decoder-v3,train/loss,24800,3.07401704788208
Mamba decoder-only,mamba-decoder-v3,train/loss,24900,3.097515344619751
Mamba decoder-only,mamba-decoder-v3,train/loss,25000,3.1748642921447754
Mamba decoder-only,mamba-decoder-v3,train/loss,25100,2.929628610610962
Mamba decoder-only,mamba-decoder-v3,train/loss,25200,3.0495104789733887
Mamba decoder-only,mamba-decoder-v3,train/loss,25300,3.17109751701355
Mamba decoder-only,mamba-decoder-v3,train/loss,25400,3.173351764678955
Mamba decoder-only,mamba-decoder-v3,train/loss,25500,2.953300952911377
Mamba decoder-only,mamba-decoder-v3,train/loss,25600,3.066927909851074
Mamba decoder-only,mamba-decoder-v3,train/loss,25700,2.9186785221099854
Mamba decoder-only,mamba-decoder-v3,train/loss,25800,3.2458860874176025
Mamba decoder-only,mamba-decoder-v3,train/loss,25900,3.1476054191589355
Mamba decoder-only,mamba-decoder-v3,train/loss,26000,3.0941500663757324
Mamba decoder-only,mamba-decoder-v3,train/loss,26100,2.9966177940368652
Mamba decoder-only,mamba-decoder-v3,train/loss,26200,3.0190815925598145
Mamba decoder-only,mamba-decoder-v3,train/loss,26300,3.176727771759033
Mamba decoder-only,mamba-decoder-v3,train/loss,26400,3.1373281478881836
Mamba decoder-only,mamba-decoder-v3,train/loss,26500,3.1874821186065674
Mamba decoder-only,mamba-decoder-v3,train/loss,26600,3.0903329849243164
Mamba decoder-only,mamba-decoder-v3,train/loss,26700,3.0745153427124023
Mamba decoder-only,mamba-decoder-v3,train/loss,26800,3.0351712703704834
Mamba decoder-only,mamba-decoder-v3,train/loss,26900,3.0669355392456055
Mamba decoder-only,mamba-decoder-v3,train/loss,27000,3.1162657737731934
Mamba decoder-only,mamba-decoder-v3,train/loss,27100,3.0431272983551025
Mamba decoder-only,mamba-decoder-v3,train/loss,27200,3.0422251224517822
Mamba decoder-only,mamba-decoder-v3,train/loss,27300,3.1557464599609375
Mamba decoder-only,mamba-decoder-v3,train/loss,27400,3.0898170471191406
Mamba decoder-only,mamba-decoder-v3,train/loss,27500,3.0748653411865234
Mamba decoder-only,mamba-decoder-v3,train/loss,27600,3.109774112701416
Mamba decoder-only,mamba-decoder-v3,train/loss,27700,3.0463833808898926
Mamba decoder-only,mamba-decoder-v3,train/loss,27800,3.077777147293091
Mamba decoder-only,mamba-decoder-v3,train/loss,27900,3.037811756134033
Mamba decoder-only,mamba-decoder-v3,train/loss,28000,3.1143903732299805
Mamba decoder-only,mamba-decoder-v3,train/loss,28100,2.9468984603881836
Mamba decoder-only,mamba-decoder-v3,train/loss,28200,3.0103907585144043
Mamba decoder-only,mamba-decoder-v3,train/loss,28300,3.107910633087158
Mamba decoder-only,mamba-decoder-v3,train/loss,28400,3.034827709197998
Mamba decoder-only,mamba-decoder-v3,train/loss,28500,2.973701000213623
Mamba decoder-only,mamba-decoder-v3,train/loss,28600,3.077230453491211
Mamba decoder-only,mamba-decoder-v3,train/loss,28700,3.0430643558502197
Mamba decoder-only,mamba-decoder-v3,train/loss,28800,2.878101348876953
Mamba decoder-only,mamba-decoder-v3,train/loss,28900,3.025911808013916
Mamba decoder-only,mamba-decoder-v3,train/loss,29000,3.005324363708496
Mamba decoder-only,mamba-decoder-v3,train/loss,29100,3.0069031715393066
Mamba decoder-only,mamba-decoder-v3,train/loss,29200,3.062671184539795
Mamba decoder-only,mamba-decoder-v3,train/loss,29300,2.835927963256836
Mamba decoder-only,mamba-decoder-v3,train/loss,29400,3.0610129833221436
Mamba decoder-only,mamba-decoder-v3,train/loss,29500,3.150303363800049
Mamba decoder-only,mamba-decoder-v3,train/loss,29600,3.1056971549987793
Mamba decoder-only,mamba-decoder-v3,train/loss,29700,3.0988495349884033
Mamba decoder-only,mamba-decoder-v3,train/loss,29800,2.911177396774292
Mamba decoder-only,mamba-decoder-v3,train/loss,29900,3.0109505653381348
Mamba decoder-only,mamba-decoder-v3,train/loss,30000,3.0000767707824707
Mamba decoder-only,mamba-decoder-v3,train/loss,30100,2.93536376953125
Mamba decoder-only,mamba-decoder-v3,train/loss,30200,2.927609443664551
Mamba decoder-only,mamba-decoder-v3,train/loss,30300,3.0139997005462646
Mamba decoder-only,mamba-decoder-v3,train/loss,30400,3.0980849266052246
Mamba decoder-only,mamba-decoder-v3,train/loss,30500,3.014354705810547
Mamba decoder-only,mamba-decoder-v3,train/loss,30600,3.0467820167541504
Mamba decoder-only,mamba-decoder-v3,train/loss,30700,2.8899827003479004
Mamba decoder-only,mamba-decoder-v3,train/loss,30800,2.9827306270599365
Mamba decoder-only,mamba-decoder-v3,train/loss,30900,3.01865291595459
Mamba decoder-only,mamba-decoder-v3,train/loss,31000,3.1098392009735107
Mamba decoder-only,mamba-decoder-v3,train/loss,31100,2.840085029602051
Mamba decoder-only,mamba-decoder-v3,train/loss,31200,3.104546546936035
Mamba decoder-only,mamba-decoder-v3,train/loss,31300,2.9379022121429443
Mamba decoder-only,mamba-decoder-v3,train/loss,31400,2.981926441192627
Mamba decoder-only,mamba-decoder-v3,train/loss,31500,2.9796957969665527
Mamba decoder-only,mamba-decoder-v3,train/loss,31600,2.7976341247558594
Mamba decoder-only,mamba-decoder-v3,train/loss,31700,2.9993531703948975
Mamba decoder-only,mamba-decoder-v3,train/loss,31800,2.914361000061035
Mamba decoder-only,mamba-decoder-v3,train/loss,31900,3.0539536476135254
Mamba decoder-only,mamba-decoder-v3,train/loss,32000,2.960969924926758
Mamba decoder-only,mamba-decoder-v3,train/loss,32100,3.0018177032470703
Mamba decoder-only,mamba-decoder-v3,train/loss,32200,2.9411911964416504
Mamba decoder-only,mamba-decoder-v3,train/loss,32300,3.0039401054382324
Mamba decoder-only,mamba-decoder-v3,train/loss,32400,2.9916462898254395
Mamba decoder-only,mamba-decoder-v3,train/loss,32500,3.0330610275268555
Mamba decoder-only,mamba-decoder-v3,train/loss,32600,3.0418388843536377
Mamba decoder-only,mamba-decoder-v3,train/loss,32700,3.084671974182129
Mamba decoder-only,mamba-decoder-v3,train/loss,32800,3.101768970489502
Mamba decoder-only,mamba-decoder-v3,train/loss,32900,3.1726675033569336
Mamba decoder-only,mamba-decoder-v3,train/loss,33000,3.000349998474121
Mamba decoder-only,mamba-decoder-v3,train/loss,33100,2.893920660018921
Mamba decoder-only,mamba-decoder-v3,train/loss,33200,3.126615524291992
Mamba decoder-only,mamba-decoder-v3,train/loss,33300,2.8053956031799316
Mamba decoder-only,mamba-decoder-v3,train/loss,33400,2.8085684776306152
Mamba decoder-only,mamba-decoder-v3,train/loss,33500,2.9356250762939453
Mamba decoder-only,mamba-decoder-v3,train/loss,33600,2.952873706817627
Mamba decoder-only,mamba-decoder-v3,train/loss,33700,2.9885025024414062
Mamba decoder-only,mamba-decoder-v3,train/loss,33800,3.0913639068603516
Mamba decoder-only,mamba-decoder-v3,train/loss,33900,3.125684976577759
Mamba decoder-only,mamba-decoder-v3,train/loss,34000,2.9808714389801025
Mamba decoder-only,mamba-decoder-v3,train/loss,34100,2.988271951675415
Mamba decoder-only,mamba-decoder-v3,train/loss,34200,2.922590494155884
Mamba decoder-only,mamba-decoder-v3,train/loss,34300,3.061817169189453
Mamba decoder-only,mamba-decoder-v3,train/loss,34400,2.8364949226379395
Mamba decoder-only,mamba-decoder-v3,train/loss,34500,2.9360251426696777
Mamba decoder-only,mamba-decoder-v3,train/loss,34600,2.887622117996216
Mamba decoder-only,mamba-decoder-v3,train/loss,34700,2.9236042499542236
Mamba decoder-only,mamba-decoder-v3,train/loss,34800,3.0470030307769775
Mamba decoder-only,mamba-decoder-v3,train/loss,34900,2.8687729835510254
Mamba decoder-only,mamba-decoder-v3,train/loss,35000,3.014991521835327
Mamba decoder-only,mamba-decoder-v3,train/loss,35100,2.866213083267212
Mamba decoder-only,mamba-decoder-v3,train/loss,35200,3.102346420288086
Mamba decoder-only,mamba-decoder-v3,train/loss,35300,2.8965301513671875
Mamba decoder-only,mamba-decoder-v3,train/loss,35400,3.031306266784668
Mamba decoder-only,mamba-decoder-v3,train/loss,35500,2.920426845550537
Mamba decoder-only,mamba-decoder-v3,train/loss,35600,2.9048917293548584
Mamba decoder-only,mamba-decoder-v3,train/loss,35700,3.026503086090088
Mamba decoder-only,mamba-decoder-v3,train/loss,35800,2.9612460136413574
Mamba decoder-only,mamba-decoder-v3,train/loss,35900,3.1330480575561523
Mamba decoder-only,mamba-decoder-v3,train/loss,36000,2.827836036682129
Mamba decoder-only,mamba-decoder-v3,train/loss,36100,2.8319950103759766
Mamba decoder-only,mamba-decoder-v3,train/loss,36200,3.109794855117798
Mamba decoder-only,mamba-decoder-v3,train/loss,36300,2.9144654273986816
Mamba decoder-only,mamba-decoder-v3,train/loss,36400,2.802888870239258
Mamba decoder-only,mamba-decoder-v3,train/loss,36500,3.0346710681915283
Mamba decoder-only,mamba-decoder-v3,train/loss,36600,2.896847724914551
Mamba decoder-only,mamba-decoder-v3,train/loss,36700,2.9158010482788086
Mamba decoder-only,mamba-decoder-v3,train/loss,36800,2.887279748916626
Mamba decoder-only,mamba-decoder-v3,train/loss,36900,2.93198823928833
Mamba decoder-only,mamba-decoder-v3,train/loss,37000,2.9670872688293457
Mamba decoder-only,mamba-decoder-v3,train/loss,37100,2.993082284927368
Mamba decoder-only,mamba-decoder-v3,train/loss,37200,3.071131944656372
Mamba decoder-only,mamba-decoder-v3,train/loss,37300,2.81923770904541
Mamba decoder-only,mamba-decoder-v3,train/loss,37400,2.9797444343566895
Mamba decoder-only,mamba-decoder-v3,train/loss,37500,3.040205717086792
Mamba decoder-only,mamba-decoder-v3,train/loss,37600,3.164825439453125
Mamba decoder-only,mamba-decoder-v3,train/loss,37700,2.836813449859619
Mamba decoder-only,mamba-decoder-v3,train/loss,37800,2.816242218017578
Mamba decoder-only,mamba-decoder-v3,train/loss,37900,2.952194929122925
Mamba decoder-only,mamba-decoder-v3,train/loss,38000,2.850512981414795
Mamba decoder-only,mamba-decoder-v3,train/loss,38100,2.771745204925537
Mamba decoder-only,mamba-decoder-v3,train/loss,38200,2.9103376865386963
Mamba decoder-only,mamba-decoder-v3,train/loss,38300,2.9796509742736816
Mamba decoder-only,mamba-decoder-v3,train/loss,38400,2.812424659729004
Mamba decoder-only,mamba-decoder-v3,train/loss,38500,2.9159507751464844
Mamba decoder-only,mamba-decoder-v3,train/loss,38600,2.8562440872192383
Mamba decoder-only,mamba-decoder-v3,train/loss,38700,2.9877841472625732
Mamba decoder-only,mamba-decoder-v3,train/loss,38800,2.866490125656128
Mamba decoder-only,mamba-decoder-v3,train/loss,38900,3.0146262645721436
Mamba decoder-only,mamba-decoder-v3,train/loss,39000,2.9661781787872314
Mamba decoder-only,mamba-decoder-v3,train/loss,39100,2.956256151199341
Mamba decoder-only,mamba-decoder-v3,train/loss,39200,2.9215474128723145
Mamba decoder-only,mamba-decoder-v3,train/loss,39300,2.7503509521484375
Mamba decoder-only,mamba-decoder-v3,train/loss,39400,2.8966410160064697
Mamba decoder-only,mamba-decoder-v3,train/loss,39500,2.786226272583008
Mamba decoder-only,mamba-decoder-v3,train/loss,39600,2.9088900089263916
Mamba decoder-only,mamba-decoder-v3,train/loss,39700,2.9652915000915527
Mamba decoder-only,mamba-decoder-v3,train/loss,39800,2.823164939880371
Mamba decoder-only,mamba-decoder-v3,train/loss,39900,2.9638800621032715
Mamba decoder-only,mamba-decoder-v3,train/loss,40000,2.9631147384643555
Mamba decoder-only,mamba-decoder-v3,train/loss,40100,2.8947267532348633
Mamba decoder-only,mamba-decoder-v3,train/loss,40200,2.9055392742156982
Mamba decoder-only,mamba-decoder-v3,train/loss,40300,2.8859751224517822
Mamba decoder-only,mamba-decoder-v3,train/loss,40400,2.855471611022949
Mamba decoder-only,mamba-decoder-v3,train/loss,40500,2.8764562606811523
Mamba decoder-only,mamba-decoder-v3,train/loss,40600,2.735177516937256
Mamba decoder-only,mamba-decoder-v3,train/loss,40700,2.789703845977783
Mamba decoder-only,mamba-decoder-v3,train/loss,40800,2.9643619060516357
Mamba decoder-only,mamba-decoder-v3,train/loss,40900,2.837371826171875
Mamba decoder-only,mamba-decoder-v3,train/loss,41000,2.9470200538635254
Mamba decoder-only,mamba-decoder-v3,train/loss,41100,2.783221483230591
Mamba decoder-only,mamba-decoder-v3,train/loss,41200,2.9247145652770996
Mamba decoder-only,mamba-decoder-v3,train/loss,41300,2.912842273712158
Mamba decoder-only,mamba-decoder-v3,train/loss,41400,2.8965647220611572
Mamba decoder-only,mamba-decoder-v3,train/loss,41500,2.8550901412963867
Mamba decoder-only,mamba-decoder-v3,train/loss,41600,2.7535219192504883
Mamba decoder-only,mamba-decoder-v3,train/loss,41700,2.864686965942383
Mamba decoder-only,mamba-decoder-v3,train/loss,41800,2.9320998191833496
Mamba decoder-only,mamba-decoder-v3,train/loss,41900,3.0520553588867188
Mamba decoder-only,mamba-decoder-v3,train/loss,42000,2.727494955062866
Mamba decoder-only,mamba-decoder-v3,train/loss,42100,2.846926212310791
Mamba decoder-only,mamba-decoder-v3,train/loss,42200,2.8510067462921143
Mamba decoder-only,mamba-decoder-v3,train/loss,42300,2.9061572551727295
Mamba decoder-only,mamba-decoder-v3,train/loss,42400,2.938493251800537
Mamba decoder-only,mamba-decoder-v3,train/loss,42500,2.901479482650757
Mamba decoder-only,mamba-decoder-v3,train/loss,42600,2.822848320007324
Mamba decoder-only,mamba-decoder-v3,train/loss,42700,2.7747044563293457
Mamba decoder-only,mamba-decoder-v3,train/loss,42800,2.9239511489868164
Mamba decoder-only,mamba-decoder-v3,train/loss,42900,2.9129953384399414
Mamba decoder-only,mamba-decoder-v3,train/loss,43000,2.7676525115966797
Mamba decoder-only,mamba-decoder-v3,train/loss,43100,3.027114152908325
Mamba decoder-only,mamba-decoder-v3,train/loss,43200,2.844592571258545
Mamba decoder-only,mamba-decoder-v3,train/loss,43300,2.798335313796997
Mamba decoder-only,mamba-decoder-v3,train/loss,43400,2.937145233154297
Mamba decoder-only,mamba-decoder-v3,train/loss,43500,2.8466897010803223
Mamba decoder-only,mamba-decoder-v3,train/loss,43600,2.9068491458892822
Mamba decoder-only,mamba-decoder-v3,train/loss,43700,2.844252109527588
Mamba decoder-only,mamba-decoder-v3,train/loss,43800,2.864753246307373
Mamba decoder-only,mamba-decoder-v3,train/loss,43900,2.757740020751953
Mamba decoder-only,mamba-decoder-v3,train/loss,44000,2.7769598960876465
Mamba decoder-only,mamba-decoder-v3,train/loss,44100,2.9558846950531006
Mamba decoder-only,mamba-decoder-v3,train/loss,44200,2.903092384338379
Mamba decoder-only,mamba-decoder-v3,train/loss,44300,2.8879880905151367
Mamba decoder-only,mamba-decoder-v3,train/loss,44400,2.7530250549316406
Mamba decoder-only,mamba-decoder-v3,train/loss,44500,2.8430378437042236
Mamba decoder-only,mamba-decoder-v3,train/loss,44600,2.8546206951141357
Mamba decoder-only,mamba-decoder-v3,train/loss,44700,2.8109006881713867
Mamba decoder-only,mamba-decoder-v3,train/loss,44800,2.9046497344970703
Mamba decoder-only,mamba-decoder-v3,train/loss,44900,2.9130115509033203
Mamba decoder-only,mamba-decoder-v3,train/loss,45000,2.8427417278289795
Mamba decoder-only,mamba-decoder-v3,train/loss,45100,2.943500518798828
Mamba decoder-only,mamba-decoder-v3,train/loss,45200,2.8328757286071777
Mamba decoder-only,mamba-decoder-v3,train/loss,45300,2.8372063636779785
Mamba decoder-only,mamba-decoder-v3,train/loss,45400,2.9241559505462646
Mamba decoder-only,mamba-decoder-v3,train/loss,45500,2.796717643737793
Mamba decoder-only,mamba-decoder-v3,train/loss,45600,2.9472854137420654
Mamba decoder-only,mamba-decoder-v3,train/loss,45700,2.947110414505005
Mamba decoder-only,mamba-decoder-v3,train/loss,45800,2.9969468116760254
Mamba decoder-only,mamba-decoder-v3,train/loss,45900,2.7915611267089844
Mamba decoder-only,mamba-decoder-v3,train/loss,46000,2.8859057426452637
Mamba decoder-only,mamba-decoder-v3,train/loss,46100,2.7724733352661133
Mamba decoder-only,mamba-decoder-v3,train/loss,46200,2.8945024013519287
Mamba decoder-only,mamba-decoder-v3,train/loss,46300,2.7780396938323975
Mamba decoder-only,mamba-decoder-v3,train/loss,46400,2.717257499694824
Mamba decoder-only,mamba-decoder-v3,train/loss,46500,2.859921932220459
Mamba decoder-only,mamba-decoder-v3,train/loss,46600,2.620906352996826
Mamba decoder-only,mamba-decoder-v3,train/loss,46700,2.9952750205993652
Mamba decoder-only,mamba-decoder-v3,train/loss,46800,2.8571691513061523
Mamba decoder-only,mamba-decoder-v3,train/loss,46900,2.863196849822998
Mamba decoder-only,mamba-decoder-v3,train/loss,47000,2.9074912071228027
Mamba decoder-only,mamba-decoder-v3,train/loss,47100,2.8353943824768066
Mamba decoder-only,mamba-decoder-v3,train/loss,47200,2.9140799045562744
Mamba decoder-only,mamba-decoder-v3,train/loss,47300,2.8206119537353516
Mamba decoder-only,mamba-decoder-v3,train/loss,47400,2.9009342193603516
Mamba decoder-only,mamba-decoder-v3,train/loss,47500,2.875298023223877
Mamba decoder-only,mamba-decoder-v3,train/loss,47600,2.947880268096924
Mamba decoder-only,mamba-decoder-v3,train/loss,47700,2.854074478149414
Mamba decoder-only,mamba-decoder-v3,train/loss,47800,2.753955841064453
Mamba decoder-only,mamba-decoder-v3,train/loss,47900,2.833228588104248
Mamba decoder-only,mamba-decoder-v3,train/loss,48000,2.979106903076172
Mamba decoder-only,mamba-decoder-v3,train/loss,48100,2.9262728691101074
Mamba decoder-only,mamba-decoder-v3,train/loss,48200,2.788449287414551
Mamba decoder-only,mamba-decoder-v3,train/loss,48300,2.8704512119293213
Mamba decoder-only,mamba-decoder-v3,train/loss,48400,2.8310606479644775
Mamba decoder-only,mamba-decoder-v3,train/loss,48500,2.8424720764160156
Mamba decoder-only,mamba-decoder-v3,train/loss,48600,2.8151233196258545
Mamba decoder-only,mamba-decoder-v3,train/loss,48700,2.8343522548675537
Mamba decoder-only,mamba-decoder-v3,train/loss,48800,2.7055344581604004
Mamba decoder-only,mamba-decoder-v3,train/loss,48900,2.884141445159912
Mamba decoder-only,mamba-decoder-v3,train/loss,49000,2.900719165802002
Mamba decoder-only,mamba-decoder-v3,train/loss,49100,2.782179355621338
Mamba decoder-only,mamba-decoder-v3,train/loss,49200,2.947382926940918
Mamba decoder-only,mamba-decoder-v3,train/loss,49300,2.7537004947662354
Mamba decoder-only,mamba-decoder-v3,train/loss,49400,2.8944196701049805
Mamba decoder-only,mamba-decoder-v3,train/loss,49500,2.865290641784668
Mamba decoder-only,mamba-decoder-v3,train/loss,49600,2.784468173980713
Mamba decoder-only,mamba-decoder-v3,train/loss,49700,2.7783987522125244
Mamba decoder-only,mamba-decoder-v3,train/loss,49800,2.7233781814575195
Mamba decoder-only,mamba-decoder-v3,train/loss,49900,2.9141061305999756
Mamba decoder-only,mamba-decoder-v3,train/loss,50000,2.778909683227539
Mamba decoder-only,mamba-decoder-v3,train/loss,50100,2.885453701019287
Mamba decoder-only,mamba-decoder-v3,train/loss,50200,2.9039700031280518
Mamba decoder-only,mamba-decoder-v3,train/loss,50300,2.8727777004241943
Mamba decoder-only,mamba-decoder-v3,train/loss,50400,2.8781068325042725
Mamba decoder-only,mamba-decoder-v3,train/loss,50500,2.7645082473754883
Mamba decoder-only,mamba-decoder-v3,train/loss,50600,2.9247188568115234
Mamba decoder-only,mamba-decoder-v3,train/loss,50700,2.7617363929748535
Mamba decoder-only,mamba-decoder-v3,train/loss,50800,2.8333334922790527
Mamba decoder-only,mamba-decoder-v3,train/loss,50900,2.88006854057312
Mamba decoder-only,mamba-decoder-v3,train/loss,51000,2.9205145835876465
Mamba decoder-only,mamba-decoder-v3,train/loss,51100,2.900763988494873
Mamba decoder-only,mamba-decoder-v3,train/loss,51200,2.6911654472351074
Mamba decoder-only,mamba-decoder-v3,train/loss,51300,2.9187874794006348
Mamba decoder-only,mamba-decoder-v3,train/loss,51400,2.8991646766662598
Mamba decoder-only,mamba-decoder-v3,train/loss,51500,2.8072469234466553
Mamba decoder-only,mamba-decoder-v3,train/loss,51600,2.679654598236084
Mamba decoder-only,mamba-decoder-v3,train/loss,51700,2.7430810928344727
Mamba decoder-only,mamba-decoder-v3,train/loss,51800,2.8478293418884277
Mamba decoder-only,mamba-decoder-v3,train/loss,51900,2.8488240242004395
Mamba decoder-only,mamba-decoder-v3,train/loss,52000,2.7776010036468506
Mamba decoder-only,mamba-decoder-v3,train/loss,52100,2.953195810317993
Mamba decoder-only,mamba-decoder-v3,train/loss,52200,2.7051808834075928
Mamba decoder-only,mamba-decoder-v3,train/loss,52300,2.817006826400757
Mamba decoder-only,mamba-decoder-v3,train/loss,52400,2.9232795238494873
Mamba decoder-only,mamba-decoder-v3,train/loss,52500,2.815760850906372
Mamba decoder-only,mamba-decoder-v3,train/loss,52600,2.8051507472991943
Mamba decoder-only,mamba-decoder-v3,train/loss,52700,2.7592825889587402
Mamba decoder-only,mamba-decoder-v3,train/loss,52800,2.94673752784729
Mamba decoder-only,mamba-decoder-v3,train/loss,52900,3.0783324241638184
Mamba decoder-only,mamba-decoder-v3,train/loss,53000,2.757284641265869
Mamba decoder-only,mamba-decoder-v3,train/loss,53100,2.846677303314209
Mamba decoder-only,mamba-decoder-v3,train/loss,53200,2.879556179046631
Mamba decoder-only,mamba-decoder-v3,train/loss,53300,2.7617955207824707
Mamba decoder-only,mamba-decoder-v3,train/loss,53400,2.873129367828369
Mamba decoder-only,mamba-decoder-v3,train/loss,53500,2.625511646270752
Mamba decoder-only,mamba-decoder-v3,train/loss,53600,2.849642276763916
Mamba decoder-only,mamba-decoder-v3,train/loss,53700,2.760768175125122
Mamba decoder-only,mamba-decoder-v3,train/loss,53800,2.7448551654815674
Mamba decoder-only,mamba-decoder-v3,train/loss,53900,2.809951066970825
Mamba decoder-only,mamba-decoder-v3,train/loss,54000,2.752685308456421
Mamba decoder-only,mamba-decoder-v3,train/loss,54100,2.8508918285369873
Mamba decoder-only,mamba-decoder-v3,train/loss,54200,2.7955591678619385
Mamba decoder-only,mamba-decoder-v3,train/loss,54300,2.890533447265625
Mamba decoder-only,mamba-decoder-v3,train/loss,54400,2.760756492614746
Mamba decoder-only,mamba-decoder-v3,train/loss,54500,2.7988181114196777
Mamba decoder-only,mamba-decoder-v3,train/loss,54600,2.853396415710449
Mamba decoder-only,mamba-decoder-v3,train/loss,54700,2.710571765899658
Mamba decoder-only,mamba-decoder-v3,train/loss,54800,2.6413540840148926
Mamba decoder-only,mamba-decoder-v3,train/loss,54900,2.8074471950531006
Mamba decoder-only,mamba-decoder-v3,train/loss,55000,2.7401416301727295
Mamba decoder-only,mamba-decoder-v3,train/loss,55100,2.8513917922973633
Mamba decoder-only,mamba-decoder-v3,train/loss,55200,2.918311595916748
Mamba decoder-only,mamba-decoder-v3,train/loss,55300,2.6944632530212402
Mamba decoder-only,mamba-decoder-v3,train/loss,55400,2.7627241611480713
Mamba decoder-only,mamba-decoder-v3,train/loss,55500,2.7862069606781006
Mamba decoder-only,mamba-decoder-v3,train/loss,55600,2.6743340492248535
Mamba decoder-only,mamba-decoder-v3,train/loss,55700,2.816359281539917
Mamba decoder-only,mamba-decoder-v3,train/loss,55800,2.789856195449829
Mamba decoder-only,mamba-decoder-v3,train/loss,55900,2.889650821685791
Mamba decoder-only,mamba-decoder-v3,train/loss,56000,2.831864595413208
Mamba decoder-only,mamba-decoder-v3,train/loss,56100,2.675367832183838
Mamba decoder-only,mamba-decoder-v3,train/loss,56200,2.7786865234375
Mamba decoder-only,mamba-decoder-v3,train/loss,56300,2.759005069732666
Mamba decoder-only,mamba-decoder-v3,train/loss,56400,2.6331288814544678
Mamba decoder-only,mamba-decoder-v3,train/loss,56500,2.783612012863159
Mamba decoder-only,mamba-decoder-v3,train/loss,56600,2.752558708190918
Mamba decoder-only,mamba-decoder-v3,train/loss,56700,2.7871999740600586
Mamba decoder-only,mamba-decoder-v3,train/loss,56800,2.822929859161377
Mamba decoder-only,mamba-decoder-v3,train/loss,56900,2.913909673690796
Mamba decoder-only,mamba-decoder-v3,train/loss,57000,2.8448169231414795
Mamba decoder-only,mamba-decoder-v3,train/loss,57100,2.648777723312378
Mamba decoder-only,mamba-decoder-v3,train/loss,57200,2.8297274112701416
Mamba decoder-only,mamba-decoder-v3,train/loss,57300,2.8169314861297607
Mamba decoder-only,mamba-decoder-v3,train/loss,57400,2.75919771194458
Mamba decoder-only,mamba-decoder-v3,train/loss,57500,2.81135892868042
Mamba decoder-only,mamba-decoder-v3,train/loss,57600,2.8585004806518555
Mamba decoder-only,mamba-decoder-v3,train/loss,57700,2.7925024032592773
Mamba decoder-only,mamba-decoder-v3,train/loss,57800,2.846745729446411
Mamba decoder-only,mamba-decoder-v3,train/loss,57900,2.73117733001709
Mamba decoder-only,mamba-decoder-v3,train/loss,58000,2.7112669944763184
Mamba decoder-only,mamba-decoder-v3,train/loss,58100,2.8633861541748047
Mamba decoder-only,mamba-decoder-v3,train/loss,58200,2.7325425148010254
Mamba decoder-only,mamba-decoder-v3,train/loss,58300,2.876084804534912
Mamba decoder-only,mamba-decoder-v3,train/loss,58400,2.9956061840057373
Mamba decoder-only,mamba-decoder-v3,train/loss,58500,2.7866382598876953
Mamba decoder-only,mamba-decoder-v3,train/loss,58600,2.717095375061035
Mamba decoder-only,mamba-decoder-v3,train/loss,58700,2.7877211570739746
Mamba decoder-only,mamba-decoder-v3,train/loss,58800,2.691329002380371
Mamba decoder-only,mamba-decoder-v3,train/loss,58900,2.6391983032226562
Mamba decoder-only,mamba-decoder-v3,train/loss,59000,2.7571630477905273
Mamba decoder-only,mamba-decoder-v3,train/loss,59100,2.735682487487793
Mamba decoder-only,mamba-decoder-v3,train/loss,59200,2.8070223331451416
Mamba decoder-only,mamba-decoder-v3,train/loss,59300,2.69106388092041
Mamba decoder-only,mamba-decoder-v3,train/loss,59400,2.6532769203186035
Mamba decoder-only,mamba-decoder-v3,train/loss,59500,2.6913561820983887
Mamba decoder-only,mamba-decoder-v3,train/loss,59600,2.6487748622894287
Mamba decoder-only,mamba-decoder-v3,train/loss,59700,2.8858180046081543
Mamba decoder-only,mamba-decoder-v3,train/loss,59800,2.6942250728607178
Mamba decoder-only,mamba-decoder-v3,train/loss,59900,2.8876724243164062
Mamba decoder-only,mamba-decoder-v3,train/loss,60000,2.690866470336914
Mamba decoder-only,mamba-decoder-v3,train/loss,60100,2.762085437774658
Mamba decoder-only,mamba-decoder-v3,train/loss,60200,2.7168161869049072
Mamba decoder-only,mamba-decoder-v3,train/loss,60300,2.764336109161377
Mamba decoder-only,mamba-decoder-v3,train/loss,60400,2.636902093887329
Mamba decoder-only,mamba-decoder-v3,train/loss,60500,2.7443370819091797
Mamba decoder-only,mamba-decoder-v3,train/loss,60600,2.639721393585205
Mamba decoder-only,mamba-decoder-v3,train/loss,60700,2.6816506385803223
Mamba decoder-only,mamba-decoder-v3,train/loss,60800,2.755276679992676
Mamba decoder-only,mamba-decoder-v3,train/loss,60900,2.7880449295043945
Mamba decoder-only,mamba-decoder-v3,train/loss,61000,2.630631446838379
Mamba decoder-only,mamba-decoder-v3,train/loss,61100,2.649600028991699
Mamba decoder-only,mamba-decoder-v3,train/loss,61200,2.7458248138427734
Mamba decoder-only,mamba-decoder-v3,train/loss,61300,2.630199432373047
Mamba decoder-only,mamba-decoder-v3,train/loss,61400,2.8640642166137695
Mamba decoder-only,mamba-decoder-v3,train/loss,61500,2.7987236976623535
Mamba decoder-only,mamba-decoder-v3,train/loss,61600,2.8054590225219727
Mamba decoder-only,mamba-decoder-v3,train/loss,61700,2.8017969131469727
Mamba decoder-only,mamba-decoder-v3,train/loss,61800,2.899930477142334
Mamba decoder-only,mamba-decoder-v3,train/loss,61900,2.644625663757324
Mamba decoder-only,mamba-decoder-v3,train/loss,62000,2.82254695892334
Mamba decoder-only,mamba-decoder-v3,train/loss,62100,2.7242348194122314
Mamba decoder-only,mamba-decoder-v3,train/loss,62200,2.6634583473205566
Mamba decoder-only,mamba-decoder-v3,train/loss,62300,2.8589630126953125
Mamba decoder-only,mamba-decoder-v3,train/loss,62400,2.801255702972412
Mamba decoder-only,mamba-decoder-v3,train/loss,62500,2.7302708625793457
Mamba decoder-only,mamba-decoder-v3,train/loss,62600,2.827604293823242
Mamba decoder-only,mamba-decoder-v3,train/loss,62700,2.701054334640503
Mamba decoder-only,mamba-decoder-v3,train/loss,62800,2.7034988403320312
Mamba decoder-only,mamba-decoder-v3,train/loss,62900,2.716951370239258
Mamba decoder-only,mamba-decoder-v3,train/loss,63000,2.823030471801758
Mamba decoder-only,mamba-decoder-v3,train/loss,63100,2.77091908454895
Mamba decoder-only,mamba-decoder-v3,train/loss,63200,2.845789909362793
Mamba decoder-only,mamba-decoder-v3,train/loss,63300,2.6904830932617188
Mamba decoder-only,mamba-decoder-v3,train/loss,63400,2.6899712085723877
Mamba decoder-only,mamba-decoder-v3,train/loss,63500,2.733452558517456
Mamba decoder-only,mamba-decoder-v3,train/loss,63600,2.72516131401062
Mamba decoder-only,mamba-decoder-v3,train/loss,63700,2.7228565216064453
Mamba decoder-only,mamba-decoder-v3,train/loss,63800,2.6842398643493652
Mamba decoder-only,mamba-decoder-v3,train/loss,63900,2.6635069847106934
Mamba decoder-only,mamba-decoder-v3,train/loss,64000,2.707815647125244
Mamba decoder-only,mamba-decoder-v3,train/loss,64100,2.6980810165405273
Mamba decoder-only,mamba-decoder-v3,train/loss,64200,2.8252716064453125
Mamba decoder-only,mamba-decoder-v3,train/loss,64300,2.738914966583252
Mamba decoder-only,mamba-decoder-v3,train/loss,64400,2.6967453956604004
Mamba decoder-only,mamba-decoder-v3,train/loss,64500,2.7033181190490723
Mamba decoder-only,mamba-decoder-v3,train/loss,64600,2.7570509910583496
Mamba decoder-only,mamba-decoder-v3,train/loss,64700,2.70170521736145
Mamba decoder-only,mamba-decoder-v3,train/loss,64800,2.705636501312256
Mamba decoder-only,mamba-decoder-v3,train/loss,64900,2.6165709495544434
Mamba decoder-only,mamba-decoder-v3,train/loss,65000,2.8670034408569336
Mamba decoder-only,mamba-decoder-v3,train/loss,65100,2.661994457244873
Mamba decoder-only,mamba-decoder-v3,train/loss,65200,2.9304347038269043
Mamba decoder-only,mamba-decoder-v3,train/loss,65300,2.771456241607666
Mamba decoder-only,mamba-decoder-v3,train/loss,65400,2.780841112136841
Mamba decoder-only,mamba-decoder-v3,train/loss,65500,2.830477714538574
Mamba decoder-only,mamba-decoder-v3,train/loss,65600,2.7864537239074707
Mamba decoder-only,mamba-decoder-v3,train/loss,65700,2.6477808952331543
Mamba decoder-only,mamba-decoder-v3,train/loss,65800,2.7730324268341064
Mamba decoder-only,mamba-decoder-v3,train/loss,65900,2.7380142211914062
Mamba decoder-only,mamba-decoder-v3,train/loss,66000,2.6884961128234863
Mamba decoder-only,mamba-decoder-v3,train/loss,66100,2.774308204650879
Mamba decoder-only,mamba-decoder-v3,train/loss,66200,2.9153406620025635
Mamba decoder-only,mamba-decoder-v3,train/loss,66300,2.7646594047546387
Mamba decoder-only,mamba-decoder-v3,train/loss,66400,2.7967658042907715
Mamba decoder-only,mamba-decoder-v3,train/loss,66500,2.623326539993286
Mamba decoder-only,mamba-decoder-v3,train/loss,66600,2.763030529022217
Mamba decoder-only,mamba-decoder-v3,train/loss,66700,2.6071691513061523
Mamba decoder-only,mamba-decoder-v3,train/loss,66800,2.726715564727783
Mamba decoder-only,mamba-decoder-v3,train/loss,66900,2.6704769134521484
Mamba decoder-only,mamba-decoder-v3,train/loss,67000,2.6519994735717773
Mamba decoder-only,mamba-decoder-v3,train/loss,67100,2.775240421295166
Mamba decoder-only,mamba-decoder-v3,train/loss,67200,2.8535053730010986
Mamba decoder-only,mamba-decoder-v3,train/loss,67300,2.6608519554138184
Mamba decoder-only,mamba-decoder-v3,train/loss,67400,2.6893362998962402
Mamba decoder-only,mamba-decoder-v3,train/loss,67500,2.687373638153076
Mamba decoder-only,mamba-decoder-v3,train/loss,67600,2.6396517753601074
Mamba decoder-only,mamba-decoder-v3,train/loss,67700,2.7065277099609375
Mamba decoder-only,mamba-decoder-v3,train/loss,67800,2.741722583770752
Mamba decoder-only,mamba-decoder-v3,train/loss,67900,2.762512683868408
Mamba decoder-only,mamba-decoder-v3,train/loss,68000,2.6597347259521484
Mamba decoder-only,mamba-decoder-v3,train/loss,68100,2.765716552734375
Mamba decoder-only,mamba-decoder-v3,train/loss,68200,2.606954574584961
Mamba decoder-only,mamba-decoder-v3,train/loss,68300,2.7049851417541504
Mamba decoder-only,mamba-decoder-v3,train/loss,68400,2.7111458778381348
Mamba decoder-only,mamba-decoder-v3,train/loss,68500,2.770925998687744
Mamba decoder-only,mamba-decoder-v3,train/loss,68600,2.6094202995300293
Mamba decoder-only,mamba-decoder-v3,train/loss,68700,2.825589656829834
Mamba decoder-only,mamba-decoder-v3,train/loss,68800,2.7155892848968506
Mamba decoder-only,mamba-decoder-v3,train/loss,68900,2.8044028282165527
Mamba decoder-only,mamba-decoder-v3,train/loss,69000,2.7123889923095703
Mamba decoder-only,mamba-decoder-v3,train/loss,69100,2.65108585357666
Mamba decoder-only,mamba-decoder-v3,train/loss,69200,2.6123809814453125
Mamba decoder-only,mamba-decoder-v3,train/loss,69300,2.6660447120666504
Mamba decoder-only,mamba-decoder-v3,train/loss,69400,2.7847018241882324
Mamba decoder-only,mamba-decoder-v3,train/loss,69500,2.5826802253723145
Mamba decoder-only,mamba-decoder-v3,train/loss,69600,2.624215841293335
Mamba decoder-only,mamba-decoder-v3,train/loss,69700,2.7827672958374023
Mamba decoder-only,mamba-decoder-v3,train/loss,69800,2.6862573623657227
Mamba decoder-only,mamba-decoder-v3,train/loss,69900,2.8429698944091797
Mamba decoder-only,mamba-decoder-v3,train/loss,70000,2.663790225982666
Mamba decoder-only,mamba-decoder-v3,train/loss,70100,2.6417007446289062
Mamba decoder-only,mamba-decoder-v3,train/loss,70200,2.692483425140381
Mamba decoder-only,mamba-decoder-v3,train/loss,70300,2.7789993286132812
Mamba decoder-only,mamba-decoder-v3,train/loss,70400,2.877410888671875
Mamba decoder-only,mamba-decoder-v3,train/loss,70500,2.7379167079925537
Mamba decoder-only,mamba-decoder-v3,train/loss,70600,2.6480329036712646
Mamba decoder-only,mamba-decoder-v3,train/loss,70700,2.683368682861328
Mamba decoder-only,mamba-decoder-v3,train/loss,70800,2.835257053375244
Mamba decoder-only,mamba-decoder-v3,train/loss,70900,2.659748077392578
Mamba decoder-only,mamba-decoder-v3,train/loss,71000,2.718456268310547
Mamba decoder-only,mamba-decoder-v3,train/loss,71100,2.8748066425323486
Mamba decoder-only,mamba-decoder-v3,train/loss,71200,2.8119454383850098
Mamba decoder-only,mamba-decoder-v3,train/loss,71300,2.674349546432495
Mamba decoder-only,mamba-decoder-v3,train/loss,71400,2.678760051727295
Mamba decoder-only,mamba-decoder-v3,train/loss,71500,2.6542344093322754
Mamba decoder-only,mamba-decoder-v3,train/loss,71600,2.746739387512207
Mamba decoder-only,mamba-decoder-v3,train/loss,71700,2.671754837036133
Mamba decoder-only,mamba-decoder-v3,train/loss,71800,2.8100075721740723
Mamba decoder-only,mamba-decoder-v3,train/loss,71900,2.6992104053497314
Mamba decoder-only,mamba-decoder-v3,train/loss,72000,2.668999195098877
Mamba decoder-only,mamba-decoder-v3,train/loss,72100,2.704073905944824
Mamba decoder-only,mamba-decoder-v3,train/loss,72200,2.7351574897766113
Mamba decoder-only,mamba-decoder-v3,train/loss,72300,2.950291633605957
Mamba decoder-only,mamba-decoder-v3,train/loss,72400,2.7231898307800293
Mamba decoder-only,mamba-decoder-v3,train/loss,72500,2.5798511505126953
Mamba decoder-only,mamba-decoder-v3,train/loss,72600,2.6957197189331055
Mamba decoder-only,mamba-decoder-v3,train/loss,72700,2.5851616859436035
Mamba decoder-only,mamba-decoder-v3,train/loss,72800,2.7195305824279785
Mamba decoder-only,mamba-decoder-v3,train/loss,72900,2.6922969818115234
Mamba decoder-only,mamba-decoder-v3,train/loss,73000,2.617053508758545
Mamba decoder-only,mamba-decoder-v3,train/loss,73100,2.7461013793945312
Mamba decoder-only,mamba-decoder-v3,train/loss,73200,2.560361862182617
Mamba decoder-only,mamba-decoder-v3,train/loss,73300,2.7710514068603516
Mamba decoder-only,mamba-decoder-v3,train/loss,73400,2.7980995178222656
Mamba decoder-only,mamba-decoder-v3,train/loss,73500,2.6736464500427246
Mamba decoder-only,mamba-decoder-v3,train/loss,73600,2.793325185775757
Mamba decoder-only,mamba-decoder-v3,train/loss,73700,2.7025203704833984
Mamba decoder-only,mamba-decoder-v3,train/loss,73800,2.682888984680176
Mamba decoder-only,mamba-decoder-v3,train/loss,73900,2.758028745651245
Mamba decoder-only,mamba-decoder-v3,train/loss,74000,2.898085594177246
Mamba decoder-only,mamba-decoder-v3,train/loss,74100,2.6362314224243164
Mamba decoder-only,mamba-decoder-v3,train/loss,74200,2.5961546897888184
Mamba decoder-only,mamba-decoder-v3,train/loss,74300,2.7018675804138184
Mamba decoder-only,mamba-decoder-v3,train/loss,74400,2.5857410430908203
Mamba decoder-only,mamba-decoder-v3,train/loss,74500,2.57379150390625
Mamba decoder-only,mamba-decoder-v3,train/loss,74600,2.6455445289611816
Mamba decoder-only,mamba-decoder-v3,train/loss,74700,2.666111469268799
Mamba decoder-only,mamba-decoder-v3,train/loss,74800,2.722703695297241
Mamba decoder-only,mamba-decoder-v3,train/loss,74900,2.737802028656006
Mamba decoder-only,mamba-decoder-v3,train/loss,75000,2.6412429809570312
Mamba decoder-only,mamba-decoder-v3,train/loss,75100,2.6649703979492188
Mamba decoder-only,mamba-decoder-v3,train/loss,75200,2.7098989486694336
Mamba decoder-only,mamba-decoder-v3,train/loss,75300,2.480717420578003
Mamba decoder-only,mamba-decoder-v3,train/loss,75400,2.9814670085906982
Mamba decoder-only,mamba-decoder-v3,train/loss,75500,2.619077682495117
Mamba decoder-only,mamba-decoder-v3,train/loss,75600,2.622468948364258
Mamba decoder-only,mamba-decoder-v3,train/loss,75700,2.761014461517334
Mamba decoder-only,mamba-decoder-v3,train/loss,75800,2.721428871154785
Mamba decoder-only,mamba-decoder-v3,train/loss,75900,2.682527542114258
Mamba decoder-only,mamba-decoder-v3,train/loss,76000,2.729998826980591
Mamba decoder-only,mamba-decoder-v3,train/loss,76100,2.7370429039001465
Mamba decoder-only,mamba-decoder-v3,train/loss,76200,2.6221280097961426
Mamba decoder-only,mamba-decoder-v3,train/loss,76300,2.6703875064849854
Mamba decoder-only,mamba-decoder-v3,train/loss,76400,2.656412124633789
Mamba decoder-only,mamba-decoder-v3,train/loss,76500,2.7267119884490967
Mamba decoder-only,mamba-decoder-v3,train/loss,76600,2.7297325134277344
Mamba decoder-only,mamba-decoder-v3,train/loss,76700,2.693995237350464
Mamba decoder-only,mamba-decoder-v3,train/loss,76800,2.692171812057495
Mamba decoder-only,mamba-decoder-v3,train/loss,76900,2.746708393096924
Mamba decoder-only,mamba-decoder-v3,train/loss,77000,2.623626708984375
Mamba decoder-only,mamba-decoder-v3,train/loss,77100,2.779064178466797
Mamba decoder-only,mamba-decoder-v3,train/loss,77200,2.660654067993164
Mamba decoder-only,mamba-decoder-v3,train/loss,77300,2.6962599754333496
Mamba decoder-only,mamba-decoder-v3,train/loss,77400,2.8170695304870605
Mamba decoder-only,mamba-decoder-v3,train/loss,77500,2.6719565391540527
Mamba decoder-only,mamba-decoder-v3,train/loss,77600,2.7826545238494873
Mamba decoder-only,mamba-decoder-v3,train/loss,77700,2.782163143157959
Mamba decoder-only,mamba-decoder-v3,train/loss,77800,2.7153029441833496
Mamba decoder-only,mamba-decoder-v3,train/loss,77900,2.674792766571045
Mamba decoder-only,mamba-decoder-v3,train/loss,78000,2.654275417327881
Mamba decoder-only,mamba-decoder-v3,train/loss,78100,2.631793737411499
Mamba decoder-only,mamba-decoder-v3,train/loss,78200,2.739203929901123
Mamba decoder-only,mamba-decoder-v3,train/loss,78300,2.7094907760620117
Mamba decoder-only,mamba-decoder-v3,train/loss,78400,2.6157126426696777
Mamba decoder-only,mamba-decoder-v3,train/loss,78500,2.634666681289673
Mamba decoder-only,mamba-decoder-v3,train/loss,78600,2.6668612957000732
Mamba decoder-only,mamba-decoder-v3,train/loss,78700,2.6273088455200195
Mamba decoder-only,mamba-decoder-v3,train/loss,78800,2.6388773918151855
Mamba decoder-only,mamba-decoder-v3,train/loss,78900,2.756758689880371
Mamba decoder-only,mamba-decoder-v3,train/loss,79000,2.482057571411133
Mamba decoder-only,mamba-decoder-v3,train/loss,79100,2.6336565017700195
Mamba decoder-only,mamba-decoder-v3,train/loss,79200,2.614018440246582
Mamba decoder-only,mamba-decoder-v3,train/loss,79300,2.6288399696350098
Mamba decoder-only,mamba-decoder-v3,train/loss,79400,2.6270859241485596
Mamba decoder-only,mamba-decoder-v3,train/loss,79500,2.7637009620666504
Mamba decoder-only,mamba-decoder-v3,train/loss,79600,2.6269469261169434
Mamba decoder-only,mamba-decoder-v3,train/loss,79700,2.6521098613739014
Mamba decoder-only,mamba-decoder-v3,train/loss,79800,2.732391595840454
Mamba decoder-only,mamba-decoder-v3,train/loss,79900,2.6727850437164307
Mamba decoder-only,mamba-decoder-v3,train/loss,80000,2.60150146484375
Mamba decoder-only,mamba-decoder-v3,train/loss,80100,2.521322011947632
Mamba decoder-only,mamba-decoder-v3,train/loss,80200,2.7190399169921875
Mamba decoder-only,mamba-decoder-v3,train/loss,80300,2.696871042251587
Mamba decoder-only,mamba-decoder-v3,train/loss,80400,2.666975498199463
Mamba decoder-only,mamba-decoder-v3,train/loss,80500,2.640909194946289
Mamba decoder-only,mamba-decoder-v3,train/loss,80600,2.5674095153808594
Mamba decoder-only,mamba-decoder-v3,train/loss,80700,2.521362543106079
Mamba decoder-only,mamba-decoder-v3,train/loss,80800,2.6879522800445557
Mamba decoder-only,mamba-decoder-v3,train/loss,80900,2.7214856147766113
Mamba decoder-only,mamba-decoder-v3,train/loss,81000,2.611693859100342
Mamba decoder-only,mamba-decoder-v3,train/loss,81100,2.5868427753448486
Mamba decoder-only,mamba-decoder-v3,train/loss,81200,2.655121326446533
Mamba decoder-only,mamba-decoder-v3,train/loss,81300,2.6273977756500244
Mamba decoder-only,mamba-decoder-v3,train/loss,81400,2.645136833190918
Mamba decoder-only,mamba-decoder-v3,train/loss,81500,2.662612199783325
Mamba decoder-only,mamba-decoder-v3,train/loss,81600,2.6389174461364746
Mamba decoder-only,mamba-decoder-v3,train/loss,81700,2.5599827766418457
Mamba decoder-only,mamba-decoder-v3,train/loss,81800,2.5736262798309326
Mamba decoder-only,mamba-decoder-v3,train/loss,81900,2.56115460395813
Mamba decoder-only,mamba-decoder-v3,train/loss,82000,2.517570972442627
Mamba decoder-only,mamba-decoder-v3,train/loss,82100,2.6875672340393066
Mamba decoder-only,mamba-decoder-v3,train/loss,82200,2.609952449798584
Mamba decoder-only,mamba-decoder-v3,train/loss,82300,2.712083578109741
Mamba decoder-only,mamba-decoder-v3,train/loss,82400,2.5107367038726807
Mamba decoder-only,mamba-decoder-v3,train/loss,82500,2.5539093017578125
Mamba decoder-only,mamba-decoder-v3,train/loss,82600,2.610725164413452
Mamba decoder-only,mamba-decoder-v3,train/loss,82700,2.6817779541015625
Mamba decoder-only,mamba-decoder-v3,train/loss,82800,2.564823865890503
Mamba decoder-only,mamba-decoder-v3,train/loss,82900,2.666365146636963
Mamba decoder-only,mamba-decoder-v3,train/loss,83000,2.5670735836029053
Mamba decoder-only,mamba-decoder-v3,train/loss,83100,2.6312363147735596
Mamba decoder-only,mamba-decoder-v3,train/loss,83200,2.570176124572754
Mamba decoder-only,mamba-decoder-v3,train/loss,83300,2.702141284942627
Mamba decoder-only,mamba-decoder-v3,train/loss,83400,2.5434253215789795
Mamba decoder-only,mamba-decoder-v3,train/loss,83500,2.5925354957580566
Mamba decoder-only,mamba-decoder-v3,train/loss,83600,2.621634006500244
Mamba decoder-only,mamba-decoder-v3,train/loss,83700,2.6011672019958496
Mamba decoder-only,mamba-decoder-v3,train/loss,83800,2.711615562438965
Mamba decoder-only,mamba-decoder-v3,train/loss,83900,2.7678933143615723
Mamba decoder-only,mamba-decoder-v3,train/loss,84000,2.6074585914611816
Mamba decoder-only,mamba-decoder-v3,train/loss,84100,2.7302496433258057
Mamba decoder-only,mamba-decoder-v3,train/loss,84200,2.7128853797912598
Mamba decoder-only,mamba-decoder-v3,train/loss,84300,2.6580233573913574
Mamba decoder-only,mamba-decoder-v3,train/loss,84400,2.708129405975342
Mamba decoder-only,mamba-decoder-v3,train/loss,84500,2.6411025524139404
Mamba decoder-only,mamba-decoder-v3,train/loss,84600,2.553515911102295
Mamba decoder-only,mamba-decoder-v3,train/loss,84700,2.631657838821411
Mamba decoder-only,mamba-decoder-v3,train/loss,84800,2.695556640625
Mamba decoder-only,mamba-decoder-v3,train/loss,84900,2.7598938941955566
Mamba decoder-only,mamba-decoder-v3,train/loss,85000,2.562443256378174
Mamba decoder-only,mamba-decoder-v3,train/loss,85100,2.6088147163391113
Mamba decoder-only,mamba-decoder-v3,train/loss,85200,2.658087730407715
Mamba decoder-only,mamba-decoder-v3,train/loss,85300,2.583085060119629
Mamba decoder-only,mamba-decoder-v3,train/loss,85400,2.607975959777832
Mamba decoder-only,mamba-decoder-v3,train/loss,85500,2.635425567626953
Mamba decoder-only,mamba-decoder-v3,train/loss,85600,2.723262310028076
Mamba decoder-only,mamba-decoder-v3,train/loss,85700,2.62888503074646
Mamba decoder-only,mamba-decoder-v3,train/loss,85800,2.7274153232574463
Mamba decoder-only,mamba-decoder-v3,train/loss,85900,2.5692572593688965
Mamba decoder-only,mamba-decoder-v3,train/loss,86000,2.723626136779785
Mamba decoder-only,mamba-decoder-v3,train/loss,86100,2.703883647918701
Mamba decoder-only,mamba-decoder-v3,train/loss,86200,2.7862067222595215
Mamba decoder-only,mamba-decoder-v3,train/loss,86300,2.611631393432617
Mamba decoder-only,mamba-decoder-v3,train/loss,86400,2.655094623565674
Mamba decoder-only,mamba-decoder-v3,train/loss,86500,2.564840078353882
Mamba decoder-only,mamba-decoder-v3,train/loss,86600,2.6115665435791016
Mamba decoder-only,mamba-decoder-v3,train/loss,86700,2.718174934387207
Mamba decoder-only,mamba-decoder-v3,train/loss,86800,2.7098727226257324
Mamba decoder-only,mamba-decoder-v3,train/loss,86900,2.679076671600342
Mamba decoder-only,mamba-decoder-v3,train/loss,87000,2.614147663116455
Mamba decoder-only,mamba-decoder-v3,train/loss,87100,2.7306108474731445
Mamba decoder-only,mamba-decoder-v3,train/loss,87200,2.582031726837158
Mamba decoder-only,mamba-decoder-v3,train/loss,87300,2.653334140777588
Mamba decoder-only,mamba-decoder-v3,train/loss,87400,2.690980911254883
Mamba decoder-only,mamba-decoder-v3,train/loss,87500,2.640580654144287
Mamba decoder-only,mamba-decoder-v3,train/loss,87600,2.7087578773498535
Mamba decoder-only,mamba-decoder-v3,train/loss,87700,2.6469533443450928
Mamba decoder-only,mamba-decoder-v3,train/loss,87800,2.6359610557556152
Mamba decoder-only,mamba-decoder-v3,train/loss,87900,2.6795244216918945
Mamba decoder-only,mamba-decoder-v3,train/loss,88000,2.6853175163269043
Mamba decoder-only,mamba-decoder-v3,train/loss,88100,2.744657278060913
Mamba decoder-only,mamba-decoder-v3,train/loss,88200,2.5263609886169434
Mamba decoder-only,mamba-decoder-v3,train/loss,88300,2.6827406883239746
Mamba decoder-only,mamba-decoder-v3,train/loss,88400,2.656179904937744
Mamba decoder-only,mamba-decoder-v3,train/loss,88500,2.579000234603882
Mamba decoder-only,mamba-decoder-v3,train/loss,88600,2.622009754180908
Mamba decoder-only,mamba-decoder-v3,train/loss,88700,2.5918021202087402
Mamba decoder-only,mamba-decoder-v3,train/loss,88800,2.555964946746826
Mamba decoder-only,mamba-decoder-v3,train/loss,88900,2.5927281379699707
Mamba decoder-only,mamba-decoder-v3,train/loss,89000,2.5710694789886475
Mamba decoder-only,mamba-decoder-v3,train/loss,89100,2.6499760150909424
Mamba decoder-only,mamba-decoder-v3,train/loss,89200,2.8307156562805176
Mamba decoder-only,mamba-decoder-v3,train/loss,89300,2.692887544631958
Mamba decoder-only,mamba-decoder-v3,train/loss,89400,2.98728084564209
Mamba decoder-only,mamba-decoder-v3,train/loss,89500,2.602039337158203
Mamba decoder-only,mamba-decoder-v3,train/loss,89600,2.6331887245178223
Mamba decoder-only,mamba-decoder-v3,train/loss,89700,2.5377120971679688
Mamba decoder-only,mamba-decoder-v3,train/loss,89800,2.5613784790039062
Mamba decoder-only,mamba-decoder-v3,train/loss,89900,2.7321248054504395
Mamba decoder-only,mamba-decoder-v3,train/loss,90000,2.62422776222229
Mamba decoder-only,mamba-decoder-v3,train/loss,90100,2.4672725200653076
Mamba decoder-only,mamba-decoder-v3,train/loss,90200,2.641643524169922
Mamba decoder-only,mamba-decoder-v3,train/loss,90300,2.714109420776367
Mamba decoder-only,mamba-decoder-v3,train/loss,90400,2.6521270275115967
Mamba decoder-only,mamba-decoder-v3,train/loss,90500,2.5527610778808594
Mamba decoder-only,mamba-decoder-v3,train/loss,90600,2.654205322265625
Mamba decoder-only,mamba-decoder-v3,train/loss,90700,2.691331386566162
Mamba decoder-only,mamba-decoder-v3,train/loss,90800,2.62728214263916
Mamba decoder-only,mamba-decoder-v3,train/loss,90900,2.60336971282959
Mamba decoder-only,mamba-decoder-v3,train/loss,91000,2.695070743560791
Mamba decoder-only,mamba-decoder-v3,train/loss,91100,2.6112723350524902
Mamba decoder-only,mamba-decoder-v3,train/loss,91200,2.594900131225586
Mamba decoder-only,mamba-decoder-v3,train/loss,91300,2.5841550827026367
Mamba decoder-only,mamba-decoder-v3,train/loss,91400,2.6171278953552246
Mamba decoder-only,mamba-decoder-v3,train/loss,91500,2.734018087387085
Mamba decoder-only,mamba-decoder-v3,train/loss,91600,2.696955680847168
Mamba decoder-only,mamba-decoder-v3,train/loss,91700,2.5501492023468018
Mamba decoder-only,mamba-decoder-v3,train/loss,91800,2.634523391723633
Mamba decoder-only,mamba-decoder-v3,train/loss,91900,2.5820302963256836
Mamba decoder-only,mamba-decoder-v3,train/loss,92000,2.6296870708465576
Mamba decoder-only,mamba-decoder-v3,train/loss,92100,2.647576332092285
Mamba decoder-only,mamba-decoder-v3,train/loss,92200,2.597398281097412
Mamba decoder-only,mamba-decoder-v3,train/loss,92300,2.5743565559387207
Mamba decoder-only,mamba-decoder-v3,train/loss,92400,2.632755994796753
Mamba decoder-only,mamba-decoder-v3,train/loss,92500,2.803927421569824
Mamba decoder-only,mamba-decoder-v3,train/loss,92600,2.5923118591308594
Mamba decoder-only,mamba-decoder-v3,train/loss,92700,2.536381721496582
Mamba decoder-only,mamba-decoder-v3,train/loss,92800,2.609867572784424
Mamba decoder-only,mamba-decoder-v3,train/loss,92900,2.57271671295166
Mamba decoder-only,mamba-decoder-v3,train/loss,93000,2.6418724060058594
Mamba decoder-only,mamba-decoder-v3,train/loss,93100,2.6373839378356934
Mamba decoder-only,mamba-decoder-v3,train/loss,93200,2.458336353302002
Mamba decoder-only,mamba-decoder-v3,train/loss,93300,2.7690563201904297
Mamba decoder-only,mamba-decoder-v3,train/loss,93400,2.716200590133667
Mamba decoder-only,mamba-decoder-v3,train/loss,93500,2.610657215118408
Mamba decoder-only,mamba-decoder-v3,train/loss,93600,2.608600616455078
Mamba decoder-only,mamba-decoder-v3,train/loss,93700,2.608158588409424
Mamba decoder-only,mamba-decoder-v3,train/loss,93800,2.6135878562927246
Mamba decoder-only,mamba-decoder-v3,train/loss,93900,2.843533515930176
Mamba decoder-only,mamba-decoder-v3,train/loss,94000,2.451648235321045
Mamba decoder-only,mamba-decoder-v3,train/loss,94100,2.5301334857940674
Mamba decoder-only,mamba-decoder-v3,train/loss,94200,2.6931145191192627
Mamba decoder-only,mamba-decoder-v3,train/loss,94300,2.6176836490631104
Mamba decoder-only,mamba-decoder-v3,train/loss,94400,2.543813705444336
Mamba decoder-only,mamba-decoder-v3,train/loss,94500,2.6490960121154785
Mamba decoder-only,mamba-decoder-v3,train/loss,94600,2.6083526611328125
Mamba decoder-only,mamba-decoder-v3,train/loss,94700,2.5941638946533203
Mamba decoder-only,mamba-decoder-v3,train/loss,94800,2.672924518585205
Mamba decoder-only,mamba-decoder-v3,train/loss,94900,2.5994484424591064
Mamba decoder-only,mamba-decoder-v3,train/loss,95000,2.5434484481811523
Mamba decoder-only,mamba-decoder-v3,train/loss,95100,2.5753865242004395
Mamba decoder-only,mamba-decoder-v3,train/loss,95200,2.550384759902954
Mamba decoder-only,mamba-decoder-v3,train/loss,95300,2.8252034187316895
Mamba decoder-only,mamba-decoder-v3,train/loss,95400,2.6824400424957275
Mamba decoder-only,mamba-decoder-v3,train/loss,95500,2.6418724060058594
Mamba decoder-only,mamba-decoder-v3,train/loss,95600,2.510162353515625
Mamba decoder-only,mamba-decoder-v3,train/loss,95700,2.5505566596984863
Mamba decoder-only,mamba-decoder-v3,train/loss,95800,2.7046611309051514
Mamba decoder-only,mamba-decoder-v3,train/loss,95900,2.651838779449463
Mamba decoder-only,mamba-decoder-v3,train/loss,96000,2.7251083850860596
Mamba decoder-only,mamba-decoder-v3,train/loss,96100,2.6477112770080566
Mamba decoder-only,mamba-decoder-v3,train/loss,96200,2.5900285243988037
Mamba decoder-only,mamba-decoder-v3,train/loss,96300,2.6757779121398926
Mamba decoder-only,mamba-decoder-v3,train/loss,96400,2.684422254562378
Mamba decoder-only,mamba-decoder-v3,train/loss,96500,2.634159564971924
Mamba decoder-only,mamba-decoder-v3,train/loss,96600,2.777423858642578
Mamba decoder-only,mamba-decoder-v3,train/loss,96700,2.608034610748291
Mamba decoder-only,mamba-decoder-v3,train/loss,96800,2.6072373390197754
Mamba decoder-only,mamba-decoder-v3,train/loss,96900,2.5297935009002686
Mamba decoder-only,mamba-decoder-v3,train/loss,97000,2.745427131652832
Mamba decoder-only,mamba-decoder-v3,train/loss,97100,2.5980734825134277
Mamba decoder-only,mamba-decoder-v3,train/loss,97200,2.7083349227905273
Mamba decoder-only,mamba-decoder-v3,train/loss,97300,2.677919864654541
Mamba decoder-only,mamba-decoder-v3,train/loss,97400,2.727792263031006
Mamba decoder-only,mamba-decoder-v3,train/loss,97500,2.761077404022217
Mamba decoder-only,mamba-decoder-v3,train/loss,97600,2.6291041374206543
Mamba decoder-only,mamba-decoder-v3,train/loss,97700,2.630707263946533
Mamba decoder-only,mamba-decoder-v3,train/loss,97800,2.5165772438049316
Mamba decoder-only,mamba-decoder-v3,train/loss,97900,2.8329577445983887
Mamba decoder-only,mamba-decoder-v3,train/loss,98000,2.4887356758117676
Mamba decoder-only,mamba-decoder-v3,train/loss,98100,2.5924253463745117
Mamba decoder-only,mamba-decoder-v3,train/loss,98200,2.54276704788208
Mamba decoder-only,mamba-decoder-v3,train/loss,98300,2.688694477081299
Mamba decoder-only,mamba-decoder-v3,train/loss,98400,2.5283594131469727
Mamba decoder-only,mamba-decoder-v3,train/loss,98500,2.6202340126037598
Mamba decoder-only,mamba-decoder-v3,train/loss,98600,2.5748555660247803
Mamba decoder-only,mamba-decoder-v3,train/loss,98700,2.647052049636841
Mamba decoder-only,mamba-decoder-v3,train/loss,98800,2.5023655891418457
Mamba decoder-only,mamba-decoder-v3,train/loss,98900,2.634227991104126
Mamba decoder-only,mamba-decoder-v3,train/loss,99000,2.557526111602783
Mamba decoder-only,mamba-decoder-v3,train/loss,99100,2.7441673278808594
Mamba decoder-only,mamba-decoder-v3,train/loss,99200,2.5958595275878906
Mamba decoder-only,mamba-decoder-v3,train/loss,99300,2.553410053253174
Mamba decoder-only,mamba-decoder-v3,train/loss,99400,2.6535677909851074
Mamba decoder-only,mamba-decoder-v3,train/loss,99500,2.5736050605773926
Mamba decoder-only,mamba-decoder-v3,train/loss,99600,2.5917234420776367
Mamba decoder-only,mamba-decoder-v3,train/loss,99700,2.6023778915405273
Mamba decoder-only,mamba-decoder-v3,train/loss,99800,2.6179003715515137
Mamba decoder-only,mamba-decoder-v3,train/loss,99900,2.5227150917053223
Mamba decoder-only,mamba-decoder-v3,train/loss,100000,2.5216026306152344
